W0630 01:20:19.027000 24559 site-packages/torch/distributed/run.py:862] 
W0630 01:20:19.027000 24559 site-packages/torch/distributed/run.py:862] *****************************************
W0630 01:20:19.027000 24559 site-packages/torch/distributed/run.py:862] Setting OMP_NUM_THREADS environment variable for each process to be 1 in default, to avoid your system being overloaded, please further tune the variable for optimal performance in your application as needed. 
W0630 01:20:19.027000 24559 site-packages/torch/distributed/run.py:862] *****************************************
/opt/lidar-vae-pixi/.pixi/envs/default/lib/python3.12/site-packages/timm/models/layers/__init__.py:49: FutureWarning: Importing from timm.models.layers is deprecated, please import via timm.layers
  warnings.warn(f"Importing from {__name__} is deprecated, please import via timm.layers", FutureWarning)
/opt/lidar-vae-pixi/.pixi/envs/default/lib/python3.12/site-packages/timm/models/layers/__init__.py:49: FutureWarning: Importing from timm.models.layers is deprecated, please import via timm.layers
  warnings.warn(f"Importing from {__name__} is deprecated, please import via timm.layers", FutureWarning)
/opt/lidar-vae-pixi/.pixi/envs/default/lib/python3.12/site-packages/timm/models/layers/__init__.py:49: FutureWarning: Importing from timm.models.layers is deprecated, please import via timm.layers
  warnings.warn(f"Importing from {__name__} is deprecated, please import via timm.layers", FutureWarning)
/opt/lidar-vae-pixi/.pixi/envs/default/lib/python3.12/site-packages/timm/models/layers/__init__.py:49: FutureWarning: Importing from timm.models.layers is deprecated, please import via timm.layers
  warnings.warn(f"Importing from {__name__} is deprecated, please import via timm.layers", FutureWarning)
=== LiDAR-Only Training ===
Device: cuda:0 | World size: 4
Rank 0 building model (spconv JIT)...
sparse shape: [65, 1024, 1024]
/opt/lidar-vae-pixi/.pixi/envs/default/lib/python3.12/site-packages/torch/distributed/c10d_logger.py:83: UserWarning: barrier(): using the device under current context. You can specify `device_id` in `init_process_group` to mute this warning.
  return func(*args, **kwargs)
[rank0]:[W630 01:20:55.622825870 ProcessGroupNCCL.cpp:5324] Guessing device ID based on global rank. This can cause a hang if rank to GPU mapping is heterogeneous. You can specify device_id in init_process_group()
sparse shape: [65, 1024, 1024]
sparse shape: [65, 1024, 1024]
sparse shape: [65, 1024, 1024]
Parameters: 27,519,431 total, 27,519,430 trainable
Loading NuScenes Lance dataset from 's3://volt-dev-user-shared-data/nuScenes/sensor/v1.0-trainval.lance/'...
Loading NuScenes Lance dataset from 's3://volt-dev-user-shared-data/nuScenes/sensor/v1.0-trainval.lance/'...
Loading NuScenes Lance dataset from 's3://volt-dev-user-shared-data/nuScenes/sensor/v1.0-trainval.lance/'...
Loading NuScenes Lance dataset from 's3://volt-dev-user-shared-data/nuScenes/sensor/v1.0-trainval.lance/'...
Dataset: 302121 frames
Loading NuScenes Lance dataset from 's3://volt-dev-user-shared-data/nuScenes/sensor/v1.0-test.lance/'...
Loading NuScenes Lance dataset from 's3://volt-dev-user-shared-data/nuScenes/sensor/v1.0-test.lance/'...
Loading NuScenes Lance dataset from 's3://volt-dev-user-shared-data/nuScenes/sensor/v1.0-test.lance/'...
Loading NuScenes Lance dataset from 's3://volt-dev-user-shared-data/nuScenes/sensor/v1.0-test.lance/'...
Test dataset: 6008 frames (v1.0-test, key_frames_only)

Starting training for 200000 steps...
  batch_size=2 x world_size=4
  grad_accum=1
  rays: ALL rays (points + non-return for raydrop)
  num_sweeps=9
  test_val=True, test_metrics=True
  train_vae=True
  kl_weight_peak=0.1
  kl_weight_schedule=cyclic
  kl_cycle_count=4, kl_cycle_ramp_fraction=0.5
  vae_warmup_steps=10000 (sampling off, KL weight 0 before schedule starts)

/opt/lidar-vae-pixi/.pixi/envs/default/lib/python3.12/site-packages/timm/models/layers/__init__.py:49: FutureWarning: Importing from timm.models.layers is deprecated, please import via timm.layers
  warnings.warn(f"Importing from {__name__} is deprecated, please import via timm.layers", FutureWarning)
/opt/lidar-vae-pixi/.pixi/envs/default/lib/python3.12/site-packages/timm/models/layers/__init__.py:49: FutureWarning: Importing from timm.models.layers is deprecated, please import via timm.layers
  warnings.warn(f"Importing from {__name__} is deprecated, please import via timm.layers", FutureWarning)
/opt/lidar-vae-pixi/.pixi/envs/default/lib/python3.12/site-packages/timm/models/layers/__init__.py:49: FutureWarning: Importing from timm.models.layers is deprecated, please import via timm.layers
  warnings.warn(f"Importing from {__name__} is deprecated, please import via timm.layers", FutureWarning)
/opt/lidar-vae-pixi/.pixi/envs/default/lib/python3.12/site-packages/timm/models/layers/__init__.py:49: FutureWarning: Importing from timm.models.layers is deprecated, please import via timm.layers
  warnings.warn(f"Importing from {__name__} is deprecated, please import via timm.layers", FutureWarning)
/opt/lidar-vae-pixi/.pixi/envs/default/lib/python3.12/site-packages/timm/models/layers/__init__.py:49: FutureWarning: Importing from timm.models.layers is deprecated, please import via timm.layers
  warnings.warn(f"Importing from {__name__} is deprecated, please import via timm.layers", FutureWarning)
/opt/lidar-vae-pixi/.pixi/envs/default/lib/python3.12/site-packages/timm/models/layers/__init__.py:49: FutureWarning: Importing from timm.models.layers is deprecated, please import via timm.layers
  warnings.warn(f"Importing from {__name__} is deprecated, please import via timm.layers", FutureWarning)
/opt/lidar-vae-pixi/.pixi/envs/default/lib/python3.12/site-packages/timm/models/layers/__init__.py:49: FutureWarning: Importing from timm.models.layers is deprecated, please import via timm.layers
  warnings.warn(f"Importing from {__name__} is deprecated, please import via timm.layers", FutureWarning)
/opt/lidar-vae-pixi/.pixi/envs/default/lib/python3.12/site-packages/timm/models/layers/__init__.py:49: FutureWarning: Importing from timm.models.layers is deprecated, please import via timm.layers
  warnings.warn(f"Importing from {__name__} is deprecated, please import via timm.layers", FutureWarning)
/opt/lidar-vae-pixi/.pixi/envs/default/lib/python3.12/site-packages/timm/models/layers/__init__.py:49: FutureWarning: Importing from timm.models.layers is deprecated, please import via timm.layers
  warnings.warn(f"Importing from {__name__} is deprecated, please import via timm.layers", FutureWarning)
/opt/lidar-vae-pixi/.pixi/envs/default/lib/python3.12/site-packages/timm/models/layers/__init__.py:49: FutureWarning: Importing from timm.models.layers is deprecated, please import via timm.layers
  warnings.warn(f"Importing from {__name__} is deprecated, please import via timm.layers", FutureWarning)
/opt/lidar-vae-pixi/.pixi/envs/default/lib/python3.12/site-packages/timm/models/layers/__init__.py:49: FutureWarning: Importing from timm.models.layers is deprecated, please import via timm.layers
  warnings.warn(f"Importing from {__name__} is deprecated, please import via timm.layers", FutureWarning)
/opt/lidar-vae-pixi/.pixi/envs/default/lib/python3.12/site-packages/timm/models/layers/__init__.py:49: FutureWarning: Importing from timm.models.layers is deprecated, please import via timm.layers
  warnings.warn(f"Importing from {__name__} is deprecated, please import via timm.layers", FutureWarning)
/opt/lidar-vae-pixi/.pixi/envs/default/lib/python3.12/site-packages/timm/models/layers/__init__.py:49: FutureWarning: Importing from timm.models.layers is deprecated, please import via timm.layers
  warnings.warn(f"Importing from {__name__} is deprecated, please import via timm.layers", FutureWarning)
/opt/lidar-vae-pixi/.pixi/envs/default/lib/python3.12/site-packages/timm/models/layers/__init__.py:49: FutureWarning: Importing from timm.models.layers is deprecated, please import via timm.layers
  warnings.warn(f"Importing from {__name__} is deprecated, please import via timm.layers", FutureWarning)
/opt/lidar-vae-pixi/.pixi/envs/default/lib/python3.12/site-packages/timm/models/layers/__init__.py:49: FutureWarning: Importing from timm.models.layers is deprecated, please import via timm.layers
  warnings.warn(f"Importing from {__name__} is deprecated, please import via timm.layers", FutureWarning)
/opt/lidar-vae-pixi/.pixi/envs/default/lib/python3.12/site-packages/timm/models/layers/__init__.py:49: FutureWarning: Importing from timm.models.layers is deprecated, please import via timm.layers
  warnings.warn(f"Importing from {__name__} is deprecated, please import via timm.layers", FutureWarning)
  VAE warmup active until step 10000: using z=mu and KL weight 0.
[rank3]:W0630 01:33:51.765000 24696 site-packages/torch/fx/_symbolic_trace.py:56] is_fx_tracing will return true for both fx.symbolic_trace and torch.export. Please use is_fx_tracing_symbolic_tracing() for specifically fx.symbolic_trace or torch.compiler.is_compiling() for specifically torch.export/compile.
[rank2]:W0630 01:33:51.773000 24695 site-packages/torch/fx/_symbolic_trace.py:56] is_fx_tracing will return true for both fx.symbolic_trace and torch.export. Please use is_fx_tracing_symbolic_tracing() for specifically fx.symbolic_trace or torch.compiler.is_compiling() for specifically torch.export/compile.
[rank1]:W0630 01:33:51.818000 24694 site-packages/torch/fx/_symbolic_trace.py:56] is_fx_tracing will return true for both fx.symbolic_trace and torch.export. Please use is_fx_tracing_symbolic_tracing() for specifically fx.symbolic_trace or torch.compiler.is_compiling() for specifically torch.export/compile.
[rank0]:W0630 01:33:51.832000 24693 site-packages/torch/fx/_symbolic_trace.py:56] is_fx_tracing will return true for both fx.symbolic_trace and torch.export. Please use is_fx_tracing_symbolic_tracing() for specifically fx.symbolic_trace or torch.compiler.is_compiling() for specifically torch.export/compile.
/opt/spconv/spconv/pytorch/core.py:127: UserWarning: Using a non-tuple sequence for multidimensional indexing is deprecated and will be changed in pytorch 2.9; use x[tuple(seq)] instead of x[seq]. In pytorch 2.9 this will be interpreted as tensor index, x[torch.tensor(seq)], which will result either in an error or a different result (Triggered internally at /pytorch/torch/csrc/autograd/python_variable_indexing.cpp:347.)
  ret[slices] = updates.view(*output_shape)
/opt/spconv/spconv/pytorch/core.py:127: UserWarning: Using a non-tuple sequence for multidimensional indexing is deprecated and will be changed in pytorch 2.9; use x[tuple(seq)] instead of x[seq]. In pytorch 2.9 this will be interpreted as tensor index, x[torch.tensor(seq)], which will result either in an error or a different result (Triggered internally at /pytorch/torch/csrc/autograd/python_variable_indexing.cpp:347.)
  ret[slices] = updates.view(*output_shape)
/opt/spconv/spconv/pytorch/core.py:127: UserWarning: Using a non-tuple sequence for multidimensional indexing is deprecated and will be changed in pytorch 2.9; use x[tuple(seq)] instead of x[seq]. In pytorch 2.9 this will be interpreted as tensor index, x[torch.tensor(seq)], which will result either in an error or a different result (Triggered internally at /pytorch/torch/csrc/autograd/python_variable_indexing.cpp:347.)
  ret[slices] = updates.view(*output_shape)
/opt/spconv/spconv/pytorch/core.py:127: UserWarning: Using a non-tuple sequence for multidimensional indexing is deprecated and will be changed in pytorch 2.9; use x[tuple(seq)] instead of x[seq]. In pytorch 2.9 this will be interpreted as tensor index, x[torch.tensor(seq)], which will result either in an error or a different result (Triggered internally at /pytorch/torch/csrc/autograd/python_variable_indexing.cpp:347.)
  ret[slices] = updates.view(*output_shape)
[Step 500/200000] [Epoch 1] lr=1.00e-03 | depth_loss: 0.4589 | eikonal_loss: 58.2467 | free_space_loss: 0.0150 | intensity_loss: 0.5416 | kl_loss: 0.0000 | kl_loss_raw: 1.5569 | kl_weight: 0.0000 | kl_weight_scale: 0.0000 | latent_channel_mean_abs_p95: 0.3132 | latent_channel_std_error_p95: 0.9024 | latent_gaussian_score: 2.7725 | latent_mu_mean: 0.2534 | latent_mu_std: 0.1562 | latent_std_mean: 0.1357 | latent_std_std: 0.0000 | latent_true_kl: 1.5569 | latent_z_mean: 0.2534 | latent_z_std: 0.1562 | occupancy_loss: 0.0233 | raydrop_loss: 0.0827 | sdf_loss: 0.0147
[Step 1000/200000] [Epoch 1] lr=1.00e-03 | depth_loss: 0.3101 | eikonal_loss: 0.0126 | free_space_loss: 0.0006 | intensity_loss: 0.4885 | kl_loss: 0.0000 | kl_loss_raw: 1.5162 | kl_weight: 0.0000 | kl_weight_scale: 0.0000 | latent_channel_mean_abs_p95: 0.2151 | latent_channel_std_error_p95: 0.9551 | latent_gaussian_score: 2.6864 | latent_mu_mean: 0.1682 | latent_mu_std: 0.0897 | latent_std_mean: 0.1369 | latent_std_std: 0.0000 | latent_true_kl: 1.5162 | latent_z_mean: 0.1682 | latent_z_std: 0.0897 | occupancy_loss: 0.0201 | raydrop_loss: 0.0803 | sdf_loss: 0.0005
[Step 1500/200000] [Epoch 1] lr=1.00e-03 | depth_loss: 0.2493 | eikonal_loss: 0.0091 | free_space_loss: 0.0003 | intensity_loss: 0.4657 | kl_loss: 0.0000 | kl_loss_raw: 1.5131 | kl_weight: 0.0000 | kl_weight_scale: 0.0000 | latent_channel_mean_abs_p95: 0.2460 | latent_channel_std_error_p95: 0.9439 | latent_gaussian_score: 2.7029 | latent_mu_mean: 0.1872 | latent_mu_std: 0.1204 | latent_std_mean: 0.1383 | latent_std_std: 0.0000 | latent_true_kl: 1.5131 | latent_z_mean: 0.1872 | latent_z_std: 0.1204 | occupancy_loss: 0.0187 | raydrop_loss: 0.0746 | sdf_loss: 0.0002
[Step 2000/200000] [Epoch 1] lr=1.00e-03 | depth_loss: 0.2299 | eikonal_loss: 0.0109 | free_space_loss: 0.0003 | intensity_loss: 0.3855 | kl_loss: 0.0000 | kl_loss_raw: 1.5045 | kl_weight: 0.0000 | kl_weight_scale: 0.0000 | latent_channel_mean_abs_p95: 0.2296 | latent_channel_std_error_p95: 0.9393 | latent_gaussian_score: 2.6734 | latent_mu_mean: 0.1736 | latent_mu_std: 0.1458 | latent_std_mean: 0.1397 | latent_std_std: 0.0000 | latent_true_kl: 1.5045 | latent_z_mean: 0.1736 | latent_z_std: 0.1458 | occupancy_loss: 0.0181 | raydrop_loss: 0.0582 | sdf_loss: 0.0003
[Step 2500/200000] [Epoch 1] lr=1.00e-03 | depth_loss: 0.2061 | eikonal_loss: 0.0101 | free_space_loss: 0.0002 | intensity_loss: 0.3130 | kl_loss: 0.0000 | kl_loss_raw: 1.5083 | kl_weight: 0.0000 | kl_weight_scale: 0.0000 | latent_channel_mean_abs_p95: 0.2447 | latent_channel_std_error_p95: 0.9180 | latent_gaussian_score: 2.6710 | latent_mu_mean: 0.1822 | latent_mu_std: 0.2123 | latent_std_mean: 0.1410 | latent_std_std: 0.0000 | latent_true_kl: 1.5083 | latent_z_mean: 0.1822 | latent_z_std: 0.2123 | occupancy_loss: 0.0167 | raydrop_loss: 0.0536 | sdf_loss: 0.0002
[Step 3000/200000] [Epoch 1] lr=1.00e-03 | depth_loss: 0.1906 | eikonal_loss: 0.0097 | free_space_loss: 0.0001 | intensity_loss: 0.2369 | kl_loss: 0.0000 | kl_loss_raw: 1.5115 | kl_weight: 0.0000 | kl_weight_scale: 0.0000 | latent_channel_mean_abs_p95: 0.2589 | latent_channel_std_error_p95: 0.9011 | latent_gaussian_score: 2.6714 | latent_mu_mean: 0.1851 | latent_mu_std: 0.2642 | latent_std_mean: 0.1424 | latent_std_std: 0.0000 | latent_true_kl: 1.5115 | latent_z_mean: 0.1851 | latent_z_std: 0.2642 | occupancy_loss: 0.0162 | raydrop_loss: 0.0499 | sdf_loss: 0.0002
[Step 3500/200000] [Epoch 1] lr=9.99e-04 | depth_loss: 0.1778 | eikonal_loss: 0.0088 | free_space_loss: 0.0001 | intensity_loss: 0.2180 | kl_loss: 0.0000 | kl_loss_raw: 1.5090 | kl_weight: 0.0000 | kl_weight_scale: 0.0000 | latent_channel_mean_abs_p95: 0.2552 | latent_channel_std_error_p95: 0.8846 | latent_gaussian_score: 2.6488 | latent_mu_mean: 0.1770 | latent_mu_std: 0.2948 | latent_std_mean: 0.1438 | latent_std_std: 0.0000 | latent_true_kl: 1.5090 | latent_z_mean: 0.1770 | latent_z_std: 0.2948 | occupancy_loss: 0.0157 | raydrop_loss: 0.0479 | sdf_loss: 0.0002
[Step 4000/200000] [Epoch 1] lr=9.99e-04 | depth_loss: 0.1640 | eikonal_loss: 0.0071 | free_space_loss: 0.0001 | intensity_loss: 0.2074 | kl_loss: 0.0000 | kl_loss_raw: 1.4968 | kl_weight: 0.0000 | kl_weight_scale: 0.0000 | latent_channel_mean_abs_p95: 0.2401 | latent_channel_std_error_p95: 0.8731 | latent_gaussian_score: 2.6100 | latent_mu_mean: 0.1653 | latent_mu_std: 0.2925 | latent_std_mean: 0.1452 | latent_std_std: 0.0000 | latent_true_kl: 1.4968 | latent_z_mean: 0.1653 | latent_z_std: 0.2925 | occupancy_loss: 0.0152 | raydrop_loss: 0.0462 | sdf_loss: 0.0002
[Step 4500/200000] [Epoch 1] lr=9.99e-04 | depth_loss: 0.1531 | eikonal_loss: 0.0065 | free_space_loss: 0.0000 | intensity_loss: 0.1853 | kl_loss: 0.0000 | kl_loss_raw: 1.4826 | kl_weight: 0.0000 | kl_weight_scale: 0.0000 | latent_channel_mean_abs_p95: 0.2329 | latent_channel_std_error_p95: 0.8678 | latent_gaussian_score: 2.5833 | latent_mu_mean: 0.1552 | latent_mu_std: 0.2814 | latent_std_mean: 0.1466 | latent_std_std: 0.0000 | latent_true_kl: 1.4826 | latent_z_mean: 0.1552 | latent_z_std: 0.2814 | occupancy_loss: 0.0146 | raydrop_loss: 0.0447 | sdf_loss: 0.0002
[Step 5000/200000] [Epoch 1] lr=9.99e-04 | depth_loss: 0.1448 | eikonal_loss: 0.0063 | free_space_loss: 0.0000 | intensity_loss: 0.1766 | kl_loss: 0.0000 | kl_loss_raw: 1.4692 | kl_weight: 0.0000 | kl_weight_scale: 0.0000 | latent_channel_mean_abs_p95: 0.2311 | latent_channel_std_error_p95: 0.8653 | latent_gaussian_score: 2.5656 | latent_mu_mean: 0.1452 | latent_mu_std: 0.2724 | latent_std_mean: 0.1480 | latent_std_std: 0.0000 | latent_true_kl: 1.4692 | latent_z_mean: 0.1452 | latent_z_std: 0.2724 | occupancy_loss: 0.0142 | raydrop_loss: 0.0439 | sdf_loss: 0.0002
[Step 5500/200000] [Epoch 1] lr=9.98e-04 | depth_loss: 0.1371 | eikonal_loss: 0.0060 | free_space_loss: 0.0000 | intensity_loss: 0.1729 | kl_loss: 0.0000 | kl_loss_raw: 1.4577 | kl_weight: 0.0000 | kl_weight_scale: 0.0000 | latent_channel_mean_abs_p95: 0.2229 | latent_channel_std_error_p95: 0.8642 | latent_gaussian_score: 2.5448 | latent_mu_mean: 0.1373 | latent_mu_std: 0.2685 | latent_std_mean: 0.1495 | latent_std_std: 0.0000 | latent_true_kl: 1.4577 | latent_z_mean: 0.1373 | latent_z_std: 0.2685 | occupancy_loss: 0.0140 | raydrop_loss: 0.0424 | sdf_loss: 0.0002
[Step 6000/200000] [Epoch 1] lr=9.98e-04 | depth_loss: 0.1280 | eikonal_loss: 0.0053 | free_space_loss: 0.0000 | intensity_loss: 0.1725 | kl_loss: 0.0000 | kl_loss_raw: 1.4452 | kl_weight: 0.0000 | kl_weight_scale: 0.0000 | latent_channel_mean_abs_p95: 0.2134 | latent_channel_std_error_p95: 0.8652 | latent_gaussian_score: 2.5239 | latent_mu_mean: 0.1312 | latent_mu_std: 0.2595 | latent_std_mean: 0.1509 | latent_std_std: 0.0000 | latent_true_kl: 1.4452 | latent_z_mean: 0.1312 | latent_z_std: 0.2595 | occupancy_loss: 0.0135 | raydrop_loss: 0.0415 | sdf_loss: 0.0002
[Step 6500/200000] [Epoch 1] lr=9.98e-04 | depth_loss: 0.1261 | eikonal_loss: 0.0053 | free_space_loss: 0.0000 | intensity_loss: 0.1648 | kl_loss: 0.0000 | kl_loss_raw: 1.4366 | kl_weight: 0.0000 | kl_weight_scale: 0.0000 | latent_channel_mean_abs_p95: 0.2052 | latent_channel_std_error_p95: 0.8591 | latent_gaussian_score: 2.5009 | latent_mu_mean: 0.1308 | latent_mu_std: 0.2619 | latent_std_mean: 0.1523 | latent_std_std: 0.0000 | latent_true_kl: 1.4366 | latent_z_mean: 0.1308 | latent_z_std: 0.2619 | occupancy_loss: 0.0133 | raydrop_loss: 0.0412 | sdf_loss: 0.0002
[Step 7000/200000] [Epoch 1] lr=9.97e-04 | depth_loss: 0.1223 | eikonal_loss: 0.0054 | free_space_loss: 0.0000 | intensity_loss: 0.1573 | kl_loss: 0.0000 | kl_loss_raw: 1.4257 | kl_weight: 0.0000 | kl_weight_scale: 0.0000 | latent_channel_mean_abs_p95: 0.2019 | latent_channel_std_error_p95: 0.8590 | latent_gaussian_score: 2.4866 | latent_mu_mean: 0.1272 | latent_mu_std: 0.2570 | latent_std_mean: 0.1537 | latent_std_std: 0.0000 | latent_true_kl: 1.4257 | latent_z_mean: 0.1272 | latent_z_std: 0.2570 | occupancy_loss: 0.0130 | raydrop_loss: 0.0409 | sdf_loss: 0.0002
[Step 7500/200000] [Epoch 1] lr=9.97e-04 | depth_loss: 0.1207 | eikonal_loss: 0.0054 | free_space_loss: 0.0000 | intensity_loss: 0.1599 | kl_loss: 0.0000 | kl_loss_raw: 1.4154 | kl_weight: 0.0000 | kl_weight_scale: 0.0000 | latent_channel_mean_abs_p95: 0.1964 | latent_channel_std_error_p95: 0.8574 | latent_gaussian_score: 2.4692 | latent_mu_mean: 0.1225 | latent_mu_std: 0.2547 | latent_std_mean: 0.1552 | latent_std_std: 0.0000 | latent_true_kl: 1.4154 | latent_z_mean: 0.1225 | latent_z_std: 0.2547 | occupancy_loss: 0.0127 | raydrop_loss: 0.0404 | sdf_loss: 0.0002
[Step 8000/200000] [Epoch 1] lr=9.97e-04 | depth_loss: 0.1123 | eikonal_loss: 0.0046 | free_space_loss: 0.0000 | intensity_loss: 0.1507 | kl_loss: 0.0000 | kl_loss_raw: 1.4040 | kl_weight: 0.0000 | kl_weight_scale: 0.0000 | latent_channel_mean_abs_p95: 0.1935 | latent_channel_std_error_p95: 0.8628 | latent_gaussian_score: 2.4603 | latent_mu_mean: 0.1180 | latent_mu_std: 0.2476 | latent_std_mean: 0.1566 | latent_std_std: 0.0000 | latent_true_kl: 1.4040 | latent_z_mean: 0.1180 | latent_z_std: 0.2476 | occupancy_loss: 0.0124 | raydrop_loss: 0.0394 | sdf_loss: 0.0002
[Step 8500/200000] [Epoch 1] lr=9.96e-04 | depth_loss: 0.1087 | eikonal_loss: 0.0047 | free_space_loss: 0.0000 | intensity_loss: 0.1450 | kl_loss: 0.0000 | kl_loss_raw: 1.3952 | kl_weight: 0.0000 | kl_weight_scale: 0.0000 | latent_channel_mean_abs_p95: 0.1959 | latent_channel_std_error_p95: 0.8582 | latent_gaussian_score: 2.4493 | latent_mu_mean: 0.1161 | latent_mu_std: 0.2490 | latent_std_mean: 0.1581 | latent_std_std: 0.0000 | latent_true_kl: 1.3952 | latent_z_mean: 0.1161 | latent_z_std: 0.2490 | occupancy_loss: 0.0122 | raydrop_loss: 0.0388 | sdf_loss: 0.0002
[Step 9000/200000] [Epoch 1] lr=9.96e-04 | depth_loss: 0.1065 | eikonal_loss: 0.0048 | free_space_loss: 0.0000 | intensity_loss: 0.1469 | kl_loss: 0.0000 | kl_loss_raw: 1.3864 | kl_weight: 0.0000 | kl_weight_scale: 0.0000 | latent_channel_mean_abs_p95: 0.1976 | latent_channel_std_error_p95: 0.8560 | latent_gaussian_score: 2.4400 | latent_mu_mean: 0.1142 | latent_mu_std: 0.2501 | latent_std_mean: 0.1595 | latent_std_std: 0.0000 | latent_true_kl: 1.3864 | latent_z_mean: 0.1142 | latent_z_std: 0.2501 | occupancy_loss: 0.0119 | raydrop_loss: 0.0389 | sdf_loss: 0.0003
[Step 9500/200000] [Epoch 1] lr=9.95e-04 | depth_loss: 0.1025 | eikonal_loss: 0.0045 | free_space_loss: 0.0000 | intensity_loss: 0.1476 | kl_loss: 0.0000 | kl_loss_raw: 1.3755 | kl_weight: 0.0000 | kl_weight_scale: 0.0000 | latent_channel_mean_abs_p95: 0.2020 | latent_channel_std_error_p95: 0.8610 | latent_gaussian_score: 2.4385 | latent_mu_mean: 0.1115 | latent_mu_std: 0.2437 | latent_std_mean: 0.1610 | latent_std_std: 0.0000 | latent_true_kl: 1.3755 | latent_z_mean: 0.1115 | latent_z_std: 0.2437 | occupancy_loss: 0.0118 | raydrop_loss: 0.0384 | sdf_loss: 0.0003
[Step 10000/200000] [Epoch 1] lr=9.94e-04 | depth_loss: 0.0995 | eikonal_loss: 0.0043 | free_space_loss: 0.0000 | intensity_loss: 0.1439 | kl_loss: 0.0000 | kl_loss_raw: 1.3653 | kl_weight: 0.0000 | kl_weight_scale: 0.0000 | latent_channel_mean_abs_p95: 0.2006 | latent_channel_std_error_p95: 0.8637 | latent_gaussian_score: 2.4296 | latent_mu_mean: 0.1089 | latent_mu_std: 0.2391 | latent_std_mean: 0.1624 | latent_std_std: 0.0000 | latent_true_kl: 1.3653 | latent_z_mean: 0.1089 | latent_z_std: 0.2391 | occupancy_loss: 0.0115 | raydrop_loss: 0.0379 | sdf_loss: 0.0003
  Saved: checkpoints/ai_workloads_rec/lidar_only/step_010000.pth

  Validating (10 samples)...

  Running test-set validation...
/opt/lidar-vae-pixi/.pixi/envs/default/lib/python3.12/site-packages/timm/models/layers/__init__.py:49: FutureWarning: Importing from timm.models.layers is deprecated, please import via timm.layers
  warnings.warn(f"Importing from {__name__} is deprecated, please import via timm.layers", FutureWarning)
/opt/lidar-vae-pixi/.pixi/envs/default/lib/python3.12/site-packages/timm/models/layers/__init__.py:49: FutureWarning: Importing from timm.models.layers is deprecated, please import via timm.layers
  warnings.warn(f"Importing from {__name__} is deprecated, please import via timm.layers", FutureWarning)
/opt/lidar-vae-pixi/.pixi/envs/default/lib/python3.12/site-packages/timm/models/layers/__init__.py:49: FutureWarning: Importing from timm.models.layers is deprecated, please import via timm.layers
  warnings.warn(f"Importing from {__name__} is deprecated, please import via timm.layers", FutureWarning)
/opt/lidar-vae-pixi/.pixi/envs/default/lib/python3.12/site-packages/timm/models/layers/__init__.py:49: FutureWarning: Importing from timm.models.layers is deprecated, please import via timm.layers
  warnings.warn(f"Importing from {__name__} is deprecated, please import via timm.layers", FutureWarning)
/opt/lidar-vae-pixi/.pixi/envs/default/lib/python3.12/site-packages/timm/models/layers/__init__.py:49: FutureWarning: Importing from timm.models.layers is deprecated, please import via timm.layers
  warnings.warn(f"Importing from {__name__} is deprecated, please import via timm.layers", FutureWarning)
/opt/lidar-vae-pixi/.pixi/envs/default/lib/python3.12/site-packages/timm/models/layers/__init__.py:49: FutureWarning: Importing from timm.models.layers is deprecated, please import via timm.layers
  warnings.warn(f"Importing from {__name__} is deprecated, please import via timm.layers", FutureWarning)
/opt/lidar-vae-pixi/.pixi/envs/default/lib/python3.12/site-packages/timm/models/layers/__init__.py:49: FutureWarning: Importing from timm.models.layers is deprecated, please import via timm.layers
  warnings.warn(f"Importing from {__name__} is deprecated, please import via timm.layers", FutureWarning)
/opt/lidar-vae-pixi/.pixi/envs/default/lib/python3.12/site-packages/timm/models/layers/__init__.py:49: FutureWarning: Importing from timm.models.layers is deprecated, please import via timm.layers
  warnings.warn(f"Importing from {__name__} is deprecated, please import via timm.layers", FutureWarning)
/opt/lidar-vae-pixi/.pixi/envs/default/lib/python3.12/site-packages/timm/models/layers/__init__.py:49: FutureWarning: Importing from timm.models.layers is deprecated, please import via timm.layers
  warnings.warn(f"Importing from {__name__} is deprecated, please import via timm.layers", FutureWarning)
/opt/lidar-vae-pixi/.pixi/envs/default/lib/python3.12/site-packages/timm/models/layers/__init__.py:49: FutureWarning: Importing from timm.models.layers is deprecated, please import via timm.layers
  warnings.warn(f"Importing from {__name__} is deprecated, please import via timm.layers", FutureWarning)
/opt/lidar-vae-pixi/.pixi/envs/default/lib/python3.12/site-packages/timm/models/layers/__init__.py:49: FutureWarning: Importing from timm.models.layers is deprecated, please import via timm.layers
  warnings.warn(f"Importing from {__name__} is deprecated, please import via timm.layers", FutureWarning)
/opt/lidar-vae-pixi/.pixi/envs/default/lib/python3.12/site-packages/timm/models/layers/__init__.py:49: FutureWarning: Importing from timm.models.layers is deprecated, please import via timm.layers
  warnings.warn(f"Importing from {__name__} is deprecated, please import via timm.layers", FutureWarning)
/opt/lidar-vae-pixi/.pixi/envs/default/lib/python3.12/site-packages/timm/models/layers/__init__.py:49: FutureWarning: Importing from timm.models.layers is deprecated, please import via timm.layers
  warnings.warn(f"Importing from {__name__} is deprecated, please import via timm.layers", FutureWarning)
/opt/lidar-vae-pixi/.pixi/envs/default/lib/python3.12/site-packages/timm/models/layers/__init__.py:49: FutureWarning: Importing from timm.models.layers is deprecated, please import via timm.layers
  warnings.warn(f"Importing from {__name__} is deprecated, please import via timm.layers", FutureWarning)
/opt/lidar-vae-pixi/.pixi/envs/default/lib/python3.12/site-packages/timm/models/layers/__init__.py:49: FutureWarning: Importing from timm.models.layers is deprecated, please import via timm.layers
  warnings.warn(f"Importing from {__name__} is deprecated, please import via timm.layers", FutureWarning)
/opt/lidar-vae-pixi/.pixi/envs/default/lib/python3.12/site-packages/timm/models/layers/__init__.py:49: FutureWarning: Importing from timm.models.layers is deprecated, please import via timm.layers
  warnings.warn(f"Importing from {__name__} is deprecated, please import via timm.layers", FutureWarning)
/workspace/ai-workloads/lidar_vae/autoencoder/train_lidar_only.py:387: FutureWarning: `torch.cuda.amp.autocast(args...)` is deprecated. Please use `torch.amp.autocast('cuda', args...)` instead.
  with torch.cuda.amp.autocast(enabled=True):
/workspace/ai-workloads/lidar_vae/autoencoder/train_lidar_only.py:387: FutureWarning: `torch.cuda.amp.autocast(args...)` is deprecated. Please use `torch.amp.autocast('cuda', args...)` instead.
  with torch.cuda.amp.autocast(enabled=True):
/workspace/ai-workloads/lidar_vae/autoencoder/train_lidar_only.py:387: FutureWarning: `torch.cuda.amp.autocast(args...)` is deprecated. Please use `torch.amp.autocast('cuda', args...)` instead.
  with torch.cuda.amp.autocast(enabled=True):
/workspace/ai-workloads/lidar_vae/autoencoder/train_lidar_only.py:387: FutureWarning: `torch.cuda.amp.autocast(args...)` is deprecated. Please use `torch.amp.autocast('cuda', args...)` instead.
  with torch.cuda.amp.autocast(enabled=True):

  === Test Results (step 10000, 3004 batches) ===
  depth_loss: 0.0966 | intensity_loss: 0.1158 | kl_loss: 0.0000 | kl_weight: 0.0000 | kl_weight_scale: 0.0000 | latent_channel_mean_abs_p95: 0.2415 | latent_channel_std_error_p95: 0.8618 | latent_gaussian_score: 2.4657 | latent_true_kl: 1.3624 | latent_z_mean: 0.1142 | latent_z_std: 0.2429 | occupancy_loss: 0.0122 | raydrop_loss: 0.0367 | point_metric_samples: 6008 | point_metric_valid_samples: 6008 | chamfer_symmetric_mean: 2.419149 | chamfer_symmetric_sqrt_m_mean: 1.500141 | jsd: 0.10951006 | mmd: 1.54036554e-04
  Renders saved: checkpoints/ai_workloads_rec/lidar_only/val_renders

  VAE warmup complete: stochastic sampling and cyclic KL schedule enabled.
[Step 10500/200000] [Epoch 1] lr=9.94e-04 | depth_loss: 0.0959 | eikonal_loss: 0.0043 | free_space_loss: 0.0000 | intensity_loss: 0.1381 | kl_loss: 0.0018 | kl_loss_raw: 1.7784 | kl_weight: 0.0011 | kl_weight_scale: 0.0105 | latent_channel_mean_abs_p95: 0.2419 | latent_channel_std_error_p95: 0.7702 | latent_gaussian_score: 2.7905 | latent_mu_mean: 0.1374 | latent_mu_std: 0.2969 | latent_std_mean: 0.1261 | latent_std_std: 0.0486 | latent_true_kl: 1.7784 | latent_z_mean: 0.1374 | latent_z_std: 0.3269 | occupancy_loss: 0.0114 | raydrop_loss: 0.0376 | sdf_loss: 0.0002
[Step 11000/200000] [Epoch 1] lr=9.93e-04 | depth_loss: 0.0933 | eikonal_loss: 0.0044 | free_space_loss: 0.0000 | intensity_loss: 0.1439 | kl_loss: 0.0040 | kl_loss_raw: 1.2932 | kl_weight: 0.0032 | kl_weight_scale: 0.0316 | latent_channel_mean_abs_p95: 0.2834 | latent_channel_std_error_p95: 0.6595 | latent_gaussian_score: 2.2361 | latent_mu_mean: 0.1579 | latent_mu_std: 0.3174 | latent_std_mean: 0.2213 | latent_std_std: 0.1484 | latent_true_kl: 1.2932 | latent_z_mean: 0.1579 | latent_z_std: 0.4156 | occupancy_loss: 0.0113 | raydrop_loss: 0.0373 | sdf_loss: 0.0002
[Step 11500/200000] [Epoch 1] lr=9.93e-04 | depth_loss: 0.0936 | eikonal_loss: 0.0049 | free_space_loss: 0.0000 | intensity_loss: 0.1432 | kl_loss: 0.0042 | kl_loss_raw: 0.8152 | kl_weight: 0.0053 | kl_weight_scale: 0.0526 | latent_channel_mean_abs_p95: 0.3373 | latent_channel_std_error_p95: 0.5256 | latent_gaussian_score: 1.6780 | latent_mu_mean: 0.1856 | latent_mu_std: 0.3614 | latent_std_mean: 0.3815 | latent_std_std: 0.1970 | latent_true_kl: 0.8152 | latent_z_mean: 0.1856 | latent_z_std: 0.5626 | occupancy_loss: 0.0114 | raydrop_loss: 0.0376 | sdf_loss: 0.0002
[Step 12000/200000] [Epoch 1] lr=9.92e-04 | depth_loss: 0.0901 | eikonal_loss: 0.0046 | free_space_loss: 0.0000 | intensity_loss: 0.1524 | kl_loss: 0.0037 | kl_loss_raw: 0.5113 | kl_weight: 0.0074 | kl_weight_scale: 0.0737 | latent_channel_mean_abs_p95: 0.3837 | latent_channel_std_error_p95: 0.3784 | latent_gaussian_score: 1.2734 | latent_mu_mean: 0.2039 | latent_mu_std: 0.3880 | latent_std_mean: 0.5707 | latent_std_std: 0.2372 | latent_true_kl: 0.5113 | latent_z_mean: 0.2039 | latent_z_std: 0.7302 | occupancy_loss: 0.0111 | raydrop_loss: 0.0374 | sdf_loss: 0.0002
[Step 12500/200000] [Epoch 1] lr=9.91e-04 | depth_loss: 0.0862 | eikonal_loss: 0.0042 | free_space_loss: 0.0000 | intensity_loss: 0.1263 | kl_loss: 0.0036 | kl_loss_raw: 0.3866 | kl_weight: 0.0095 | kl_weight_scale: 0.0947 | latent_channel_mean_abs_p95: 0.3922 | latent_channel_std_error_p95: 0.2493 | latent_gaussian_score: 1.0281 | latent_mu_mean: 0.2021 | latent_mu_std: 0.4033 | latent_std_mean: 0.6981 | latent_std_std: 0.2611 | latent_true_kl: 0.3866 | latent_z_mean: 0.2021 | latent_z_std: 0.8476 | occupancy_loss: 0.0112 | raydrop_loss: 0.0364 | sdf_loss: 0.0002
[Step 13000/200000] [Epoch 1] lr=9.90e-04 | depth_loss: 0.0849 | eikonal_loss: 0.0042 | free_space_loss: 0.0000 | intensity_loss: 0.1358 | kl_loss: 0.0038 | kl_loss_raw: 0.3284 | kl_weight: 0.0116 | kl_weight_scale: 0.1158 | latent_channel_mean_abs_p95: 0.3752 | latent_channel_std_error_p95: 0.1669 | latent_gaussian_score: 0.8705 | latent_mu_mean: 0.1846 | latent_mu_std: 0.4045 | latent_std_mean: 0.7637 | latent_std_std: 0.2649 | latent_true_kl: 0.3284 | latent_z_mean: 0.1845 | latent_z_std: 0.9041 | occupancy_loss: 0.0111 | raydrop_loss: 0.0364 | sdf_loss: 0.0002
[Step 13500/200000] [Epoch 1] lr=9.90e-04 | depth_loss: 0.0823 | eikonal_loss: 0.0042 | free_space_loss: 0.0000 | intensity_loss: 0.1320 | kl_loss: 0.0040 | kl_loss_raw: 0.2943 | kl_weight: 0.0137 | kl_weight_scale: 0.1368 | latent_channel_mean_abs_p95: 0.3409 | latent_channel_std_error_p95: 0.1184 | latent_gaussian_score: 0.7537 | latent_mu_mean: 0.1632 | latent_mu_std: 0.4013 | latent_std_mean: 0.7981 | latent_std_std: 0.2626 | latent_true_kl: 0.2943 | latent_z_mean: 0.1632 | latent_z_std: 0.9313 | occupancy_loss: 0.0110 | raydrop_loss: 0.0360 | sdf_loss: 0.0002
[Step 14000/200000] [Epoch 1] lr=9.89e-04 | depth_loss: 0.0841 | eikonal_loss: 0.0043 | free_space_loss: 0.0000 | intensity_loss: 0.1325 | kl_loss: 0.0043 | kl_loss_raw: 0.2696 | kl_weight: 0.0158 | kl_weight_scale: 0.1579 | latent_channel_mean_abs_p95: 0.2946 | latent_channel_std_error_p95: 0.0973 | latent_gaussian_score: 0.6614 | latent_mu_mean: 0.1401 | latent_mu_std: 0.3972 | latent_std_mean: 0.8184 | latent_std_std: 0.2583 | latent_true_kl: 0.2696 | latent_z_mean: 0.1401 | latent_z_std: 0.9458 | occupancy_loss: 0.0111 | raydrop_loss: 0.0363 | sdf_loss: 0.0002
[Step 14500/200000] [Epoch 1] lr=9.88e-04 | depth_loss: 0.0818 | eikonal_loss: 0.0040 | free_space_loss: 0.0000 | intensity_loss: 0.1370 | kl_loss: 0.0045 | kl_loss_raw: 0.2505 | kl_weight: 0.0179 | kl_weight_scale: 0.1789 | latent_channel_mean_abs_p95: 0.2601 | latent_channel_std_error_p95: 0.0776 | latent_gaussian_score: 0.5882 | latent_mu_mean: 0.1211 | latent_mu_std: 0.3891 | latent_std_mean: 0.8366 | latent_std_std: 0.2557 | latent_true_kl: 0.2505 | latent_z_mean: 0.1212 | latent_z_std: 0.9577 | occupancy_loss: 0.0109 | raydrop_loss: 0.0356 | sdf_loss: 0.0002
[Step 15000/200000] [Epoch 1] lr=9.87e-04 | depth_loss: 0.0809 | eikonal_loss: 0.0040 | free_space_loss: 0.0000 | intensity_loss: 0.1266 | kl_loss: 0.0047 | kl_loss_raw: 0.2346 | kl_weight: 0.0200 | kl_weight_scale: 0.2000 | latent_channel_mean_abs_p95: 0.2176 | latent_channel_std_error_p95: 0.0670 | latent_gaussian_score: 0.5192 | latent_mu_mean: 0.1029 | latent_mu_std: 0.3847 | latent_std_mean: 0.8480 | latent_std_std: 0.2509 | latent_true_kl: 0.2346 | latent_z_mean: 0.1029 | latent_z_std: 0.9646 | occupancy_loss: 0.0110 | raydrop_loss: 0.0357 | sdf_loss: 0.0002
[Step 15500/200000] [Epoch 1] lr=9.86e-04 | depth_loss: 0.0802 | eikonal_loss: 0.0040 | free_space_loss: 0.0000 | intensity_loss: 0.1357 | kl_loss: 0.0049 | kl_loss_raw: 0.2205 | kl_weight: 0.0221 | kl_weight_scale: 0.2210 | latent_channel_mean_abs_p95: 0.1866 | latent_channel_std_error_p95: 0.0580 | latent_gaussian_score: 0.4650 | latent_mu_mean: 0.0877 | latent_mu_std: 0.3795 | latent_std_mean: 0.8585 | latent_std_std: 0.2462 | latent_true_kl: 0.2205 | latent_z_mean: 0.0877 | latent_z_std: 0.9706 | occupancy_loss: 0.0109 | raydrop_loss: 0.0354 | sdf_loss: 0.0002
[Step 16000/200000] [Epoch 1] lr=9.85e-04 | depth_loss: 0.0766 | eikonal_loss: 0.0039 | free_space_loss: 0.0000 | intensity_loss: 0.1352 | kl_loss: 0.0051 | kl_loss_raw: 0.2095 | kl_weight: 0.0242 | kl_weight_scale: 0.2421 | latent_channel_mean_abs_p95: 0.1554 | latent_channel_std_error_p95: 0.0540 | latent_gaussian_score: 0.4189 | latent_mu_mean: 0.0766 | latent_mu_std: 0.3733 | latent_std_mean: 0.8656 | latent_std_std: 0.2422 | latent_true_kl: 0.2095 | latent_z_mean: 0.0766 | latent_z_std: 0.9735 | occupancy_loss: 0.0106 | raydrop_loss: 0.0345 | sdf_loss: 0.0001
[Step 16500/200000] [Epoch 1] lr=9.84e-04 | depth_loss: 0.0771 | eikonal_loss: 0.0041 | free_space_loss: 0.0000 | intensity_loss: 0.1355 | kl_loss: 0.0052 | kl_loss_raw: 0.1992 | kl_weight: 0.0263 | kl_weight_scale: 0.2631 | latent_channel_mean_abs_p95: 0.1312 | latent_channel_std_error_p95: 0.0503 | latent_gaussian_score: 0.3807 | latent_mu_mean: 0.0656 | latent_mu_std: 0.3722 | latent_std_mean: 0.8710 | latent_std_std: 0.2357 | latent_true_kl: 0.1992 | latent_z_mean: 0.0656 | latent_z_std: 0.9763 | occupancy_loss: 0.0107 | raydrop_loss: 0.0350 | sdf_loss: 0.0002
[Step 17000/200000] [Epoch 1] lr=9.83e-04 | depth_loss: 0.0744 | eikonal_loss: 0.0036 | free_space_loss: 0.0000 | intensity_loss: 0.1280 | kl_loss: 0.0054 | kl_loss_raw: 0.1910 | kl_weight: 0.0284 | kl_weight_scale: 0.2842 | latent_channel_mean_abs_p95: 0.1103 | latent_channel_std_error_p95: 0.0458 | latent_gaussian_score: 0.3471 | latent_mu_mean: 0.0562 | latent_mu_std: 0.3638 | latent_std_mean: 0.8785 | latent_std_std: 0.2349 | latent_true_kl: 0.1910 | latent_z_mean: 0.0562 | latent_z_std: 0.9797 | occupancy_loss: 0.0108 | raydrop_loss: 0.0342 | sdf_loss: 0.0001
[Step 17500/200000] [Epoch 1] lr=9.82e-04 | depth_loss: 0.0744 | eikonal_loss: 0.0036 | free_space_loss: 0.0000 | intensity_loss: 0.1290 | kl_loss: 0.0056 | kl_loss_raw: 0.1833 | kl_weight: 0.0305 | kl_weight_scale: 0.3052 | latent_channel_mean_abs_p95: 0.0920 | latent_channel_std_error_p95: 0.0415 | latent_gaussian_score: 0.3168 | latent_mu_mean: 0.0472 | latent_mu_std: 0.3594 | latent_std_mean: 0.8834 | latent_std_std: 0.2308 | latent_true_kl: 0.1833 | latent_z_mean: 0.0472 | latent_z_std: 0.9815 | occupancy_loss: 0.0106 | raydrop_loss: 0.0343 | sdf_loss: 0.0001
[Step 18000/200000] [Epoch 1] lr=9.81e-04 | depth_loss: 0.0752 | eikonal_loss: 0.0037 | free_space_loss: 0.0000 | intensity_loss: 0.1244 | kl_loss: 0.0058 | kl_loss_raw: 0.1771 | kl_weight: 0.0326 | kl_weight_scale: 0.3263 | latent_channel_mean_abs_p95: 0.0819 | latent_channel_std_error_p95: 0.0403 | latent_gaussian_score: 0.2993 | latent_mu_mean: 0.0413 | latent_mu_std: 0.3578 | latent_std_mean: 0.8867 | latent_std_std: 0.2264 | latent_true_kl: 0.1771 | latent_z_mean: 0.0414 | latent_z_std: 0.9828 | occupancy_loss: 0.0107 | raydrop_loss: 0.0346 | sdf_loss: 0.0001
[Step 18500/200000] [Epoch 1] lr=9.80e-04 | depth_loss: 0.0754 | eikonal_loss: 0.0035 | free_space_loss: 0.0000 | intensity_loss: 0.1156 | kl_loss: 0.0060 | kl_loss_raw: 0.1714 | kl_weight: 0.0347 | kl_weight_scale: 0.3473 | latent_channel_mean_abs_p95: 0.0756 | latent_channel_std_error_p95: 0.0380 | latent_gaussian_score: 0.2850 | latent_mu_mean: 0.0372 | latent_mu_std: 0.3537 | latent_std_mean: 0.8914 | latent_std_std: 0.2243 | latent_true_kl: 0.1714 | latent_z_mean: 0.0373 | latent_z_std: 0.9851 | occupancy_loss: 0.0109 | raydrop_loss: 0.0345 | sdf_loss: 0.0001
[Step 19000/200000] [Epoch 1] lr=9.79e-04 | depth_loss: 0.0742 | eikonal_loss: 0.0035 | free_space_loss: 0.0000 | intensity_loss: 0.1275 | kl_loss: 0.0061 | kl_loss_raw: 0.1661 | kl_weight: 0.0368 | kl_weight_scale: 0.3684 | latent_channel_mean_abs_p95: 0.0698 | latent_channel_std_error_p95: 0.0368 | latent_gaussian_score: 0.2727 | latent_mu_mean: 0.0328 | latent_mu_std: 0.3506 | latent_std_mean: 0.8941 | latent_std_std: 0.2206 | latent_true_kl: 0.1661 | latent_z_mean: 0.0328 | latent_z_std: 0.9857 | occupancy_loss: 0.0106 | raydrop_loss: 0.0342 | sdf_loss: 0.0001
[Step 19500/200000] [Epoch 1] lr=9.78e-04 | depth_loss: 0.0741 | eikonal_loss: 0.0036 | free_space_loss: 0.0000 | intensity_loss: 0.1240 | kl_loss: 0.0064 | kl_loss_raw: 0.1634 | kl_weight: 0.0389 | kl_weight_scale: 0.3895 | latent_channel_mean_abs_p95: 0.0636 | latent_channel_std_error_p95: 0.0348 | latent_gaussian_score: 0.2617 | latent_mu_mean: 0.0292 | latent_mu_std: 0.3505 | latent_std_mean: 0.8963 | latent_std_std: 0.2192 | latent_true_kl: 0.1634 | latent_z_mean: 0.0292 | latent_z_std: 0.9873 | occupancy_loss: 0.0107 | raydrop_loss: 0.0343 | sdf_loss: 0.0001
[Step 20000/200000] [Epoch 1] lr=9.77e-04 | depth_loss: 0.0749 | eikonal_loss: 0.0035 | free_space_loss: 0.0000 | intensity_loss: 0.1230 | kl_loss: 0.0065 | kl_loss_raw: 0.1585 | kl_weight: 0.0411 | kl_weight_scale: 0.4105 | latent_channel_mean_abs_p95: 0.0596 | latent_channel_std_error_p95: 0.0329 | latent_gaussian_score: 0.2509 | latent_mu_mean: 0.0264 | latent_mu_std: 0.3477 | latent_std_mean: 0.8995 | latent_std_std: 0.2161 | latent_true_kl: 0.1585 | latent_z_mean: 0.0265 | latent_z_std: 0.9884 | occupancy_loss: 0.0106 | raydrop_loss: 0.0340 | sdf_loss: 0.0001
  Saved: checkpoints/ai_workloads_rec/lidar_only/step_020000.pth

  Validating (10 samples)...

  Running test-set validation...

  === Test Results (step 20000, 3004 batches) ===
  depth_loss: 0.0742 | intensity_loss: 0.1016 | kl_loss: 0.0079 | kl_weight: 0.0421 | kl_weight_scale: 0.4210 | latent_channel_mean_abs_p95: 0.3198 | latent_channel_std_error_p95: 0.1302 | latent_gaussian_score: 0.6375 | latent_true_kl: 0.1875 | latent_z_mean: -0.0106 | latent_z_std: 0.9282 | occupancy_loss: 0.0112 | raydrop_loss: 0.0339 | point_metric_samples: 6008 | point_metric_valid_samples: 6008 | chamfer_symmetric_mean: 2.943019 | chamfer_symmetric_sqrt_m_mean: 1.653856 | jsd: 0.11603998 | mmd: 1.35252051e-04
  Renders saved: checkpoints/ai_workloads_rec/lidar_only/val_renders

[Step 20500/200000] [Epoch 1] lr=9.75e-04 | depth_loss: 0.0730 | eikonal_loss: 0.0035 | free_space_loss: 0.0000 | intensity_loss: 0.1170 | kl_loss: 0.0066 | kl_loss_raw: 0.1537 | kl_weight: 0.0432 | kl_weight_scale: 0.4316 | latent_channel_mean_abs_p95: 0.0578 | latent_channel_std_error_p95: 0.0322 | latent_gaussian_score: 0.2437 | latent_mu_mean: 0.0252 | latent_mu_std: 0.3438 | latent_std_mean: 0.9016 | latent_std_std: 0.2130 | latent_true_kl: 0.1537 | latent_z_mean: 0.0252 | latent_z_std: 0.9884 | occupancy_loss: 0.0106 | raydrop_loss: 0.0338 | sdf_loss: 0.0001
[Step 21000/200000] [Epoch 1] lr=9.74e-04 | depth_loss: 0.0733 | eikonal_loss: 0.0038 | free_space_loss: 0.0000 | intensity_loss: 0.1257 | kl_loss: 0.0069 | kl_loss_raw: 0.1522 | kl_weight: 0.0453 | kl_weight_scale: 0.4526 | latent_channel_mean_abs_p95: 0.0549 | latent_channel_std_error_p95: 0.0321 | latent_gaussian_score: 0.2392 | latent_mu_mean: 0.0224 | latent_mu_std: 0.3441 | latent_std_mean: 0.9030 | latent_std_std: 0.2115 | latent_true_kl: 0.1522 | latent_z_mean: 0.0224 | latent_z_std: 0.9895 | occupancy_loss: 0.0106 | raydrop_loss: 0.0343 | sdf_loss: 0.0001
[Step 21500/200000] [Epoch 1] lr=9.73e-04 | depth_loss: 0.0712 | eikonal_loss: 0.0032 | free_space_loss: 0.0000 | intensity_loss: 0.1237 | kl_loss: 0.0070 | kl_loss_raw: 0.1472 | kl_weight: 0.0474 | kl_weight_scale: 0.4737 | latent_channel_mean_abs_p95: 0.0499 | latent_channel_std_error_p95: 0.0295 | latent_gaussian_score: 0.2267 | latent_mu_mean: 0.0201 | latent_mu_std: 0.3372 | latent_std_mean: 0.9067 | latent_std_std: 0.2098 | latent_true_kl: 0.1472 | latent_z_mean: 0.0201 | latent_z_std: 0.9901 | occupancy_loss: 0.0105 | raydrop_loss: 0.0337 | sdf_loss: 0.0001
[Step 22000/200000] [Epoch 1] lr=9.72e-04 | depth_loss: 0.0719 | eikonal_loss: 0.0034 | free_space_loss: 0.0000 | intensity_loss: 0.1266 | kl_loss: 0.0072 | kl_loss_raw: 0.1449 | kl_weight: 0.0495 | kl_weight_scale: 0.4947 | latent_channel_mean_abs_p95: 0.0475 | latent_channel_std_error_p95: 0.0300 | latent_gaussian_score: 0.2224 | latent_mu_mean: 0.0188 | latent_mu_std: 0.3362 | latent_std_mean: 0.9076 | latent_std_std: 0.2078 | latent_true_kl: 0.1449 | latent_z_mean: 0.0188 | latent_z_std: 0.9902 | occupancy_loss: 0.0105 | raydrop_loss: 0.0341 | sdf_loss: 0.0001
[Step 22500/200000] [Epoch 1] lr=9.70e-04 | depth_loss: 0.0689 | eikonal_loss: 0.0033 | free_space_loss: 0.0000 | intensity_loss: 0.1285 | kl_loss: 0.0072 | kl_loss_raw: 0.1394 | kl_weight: 0.0516 | kl_weight_scale: 0.5158 | latent_channel_mean_abs_p95: 0.0488 | latent_channel_std_error_p95: 0.0294 | latent_gaussian_score: 0.2176 | latent_mu_mean: 0.0178 | latent_mu_std: 0.3315 | latent_std_mean: 0.9107 | latent_std_std: 0.2039 | latent_true_kl: 0.1394 | latent_z_mean: 0.0178 | latent_z_std: 0.9907 | occupancy_loss: 0.0103 | raydrop_loss: 0.0333 | sdf_loss: 0.0001
[Step 23000/200000] [Epoch 1] lr=9.69e-04 | depth_loss: 0.0720 | eikonal_loss: 0.0032 | free_space_loss: 0.0000 | intensity_loss: 0.1238 | kl_loss: 0.0075 | kl_loss_raw: 0.1391 | kl_weight: 0.0537 | kl_weight_scale: 0.5368 | latent_channel_mean_abs_p95: 0.0452 | latent_channel_std_error_p95: 0.0270 | latent_gaussian_score: 0.2113 | latent_mu_mean: 0.0173 | latent_mu_std: 0.3328 | latent_std_mean: 0.9114 | latent_std_std: 0.2038 | latent_true_kl: 0.1391 | latent_z_mean: 0.0172 | latent_z_std: 0.9917 | occupancy_loss: 0.0105 | raydrop_loss: 0.0337 | sdf_loss: 0.0001
[Step 23500/200000] [Epoch 1] lr=9.68e-04 | depth_loss: 0.0701 | eikonal_loss: 0.0034 | free_space_loss: 0.0000 | intensity_loss: 0.1224 | kl_loss: 0.0076 | kl_loss_raw: 0.1362 | kl_weight: 0.0558 | kl_weight_scale: 0.5579 | latent_channel_mean_abs_p95: 0.0447 | latent_channel_std_error_p95: 0.0277 | latent_gaussian_score: 0.2086 | latent_mu_mean: 0.0167 | latent_mu_std: 0.3320 | latent_std_mean: 0.9124 | latent_std_std: 0.2010 | latent_true_kl: 0.1362 | latent_z_mean: 0.0167 | latent_z_std: 0.9918 | occupancy_loss: 0.0106 | raydrop_loss: 0.0338 | sdf_loss: 0.0001
[Step 24000/200000] [Epoch 1] lr=9.66e-04 | depth_loss: 0.0689 | eikonal_loss: 0.0031 | free_space_loss: 0.0000 | intensity_loss: 0.1202 | kl_loss: 0.0077 | kl_loss_raw: 0.1337 | kl_weight: 0.0579 | kl_weight_scale: 0.5789 | latent_channel_mean_abs_p95: 0.0432 | latent_channel_std_error_p95: 0.0265 | latent_gaussian_score: 0.2033 | latent_mu_mean: 0.0156 | latent_mu_std: 0.3264 | latent_std_mean: 0.9148 | latent_std_std: 0.2008 | latent_true_kl: 0.1337 | latent_z_mean: 0.0156 | latent_z_std: 0.9921 | occupancy_loss: 0.0105 | raydrop_loss: 0.0330 | sdf_loss: 0.0001
[Step 24500/200000] [Epoch 1] lr=9.65e-04 | depth_loss: 0.0704 | eikonal_loss: 0.0031 | free_space_loss: 0.0000 | intensity_loss: 0.1206 | kl_loss: 0.0079 | kl_loss_raw: 0.1315 | kl_weight: 0.0600 | kl_weight_scale: 0.6000 | latent_channel_mean_abs_p95: 0.0420 | latent_channel_std_error_p95: 0.0270 | latent_gaussian_score: 0.2005 | latent_mu_mean: 0.0144 | latent_mu_std: 0.3264 | latent_std_mean: 0.9157 | latent_std_std: 0.1985 | latent_true_kl: 0.1315 | latent_z_mean: 0.0144 | latent_z_std: 0.9925 | occupancy_loss: 0.0104 | raydrop_loss: 0.0331 | sdf_loss: 0.0001
[Step 25000/200000] [Epoch 1] lr=9.63e-04 | depth_loss: 0.0697 | eikonal_loss: 0.0032 | free_space_loss: 0.0000 | intensity_loss: 0.1168 | kl_loss: 0.0080 | kl_loss_raw: 0.1295 | kl_weight: 0.0621 | kl_weight_scale: 0.6210 | latent_channel_mean_abs_p95: 0.0410 | latent_channel_std_error_p95: 0.0265 | latent_gaussian_score: 0.1970 | latent_mu_mean: 0.0134 | latent_mu_std: 0.3260 | latent_std_mean: 0.9161 | latent_std_std: 0.1965 | latent_true_kl: 0.1295 | latent_z_mean: 0.0134 | latent_z_std: 0.9923 | occupancy_loss: 0.0104 | raydrop_loss: 0.0332 | sdf_loss: 0.0001
[Step 25500/200000] [Epoch 1] lr=9.62e-04 | depth_loss: 0.0698 | eikonal_loss: 0.0032 | free_space_loss: 0.0000 | intensity_loss: 0.1260 | kl_loss: 0.0082 | kl_loss_raw: 0.1272 | kl_weight: 0.0642 | kl_weight_scale: 0.6421 | latent_channel_mean_abs_p95: 0.0416 | latent_channel_std_error_p95: 0.0259 | latent_gaussian_score: 0.1947 | latent_mu_mean: 0.0140 | latent_mu_std: 0.3233 | latent_std_mean: 0.9182 | latent_std_std: 0.1949 | latent_true_kl: 0.1272 | latent_z_mean: 0.0140 | latent_z_std: 0.9930 | occupancy_loss: 0.0104 | raydrop_loss: 0.0333 | sdf_loss: 0.0001
[Step 26000/200000] [Epoch 1] lr=9.60e-04 | depth_loss: 0.0692 | eikonal_loss: 0.0031 | free_space_loss: 0.0000 | intensity_loss: 0.1199 | kl_loss: 0.0083 | kl_loss_raw: 0.1251 | kl_weight: 0.0663 | kl_weight_scale: 0.6631 | latent_channel_mean_abs_p95: 0.0390 | latent_channel_std_error_p95: 0.0250 | latent_gaussian_score: 0.1891 | latent_mu_mean: 0.0123 | latent_mu_std: 0.3216 | latent_std_mean: 0.9196 | latent_std_std: 0.1934 | latent_true_kl: 0.1251 | latent_z_mean: 0.0124 | latent_z_std: 0.9935 | occupancy_loss: 0.0103 | raydrop_loss: 0.0327 | sdf_loss: 0.0001
[Step 26500/200000] [Epoch 1] lr=9.59e-04 | depth_loss: 0.0708 | eikonal_loss: 0.0030 | free_space_loss: 0.0000 | intensity_loss: 0.1121 | kl_loss: 0.0085 | kl_loss_raw: 0.1243 | kl_weight: 0.0684 | kl_weight_scale: 0.6842 | latent_channel_mean_abs_p95: 0.0382 | latent_channel_std_error_p95: 0.0255 | latent_gaussian_score: 0.1880 | latent_mu_mean: 0.0120 | latent_mu_std: 0.3201 | latent_std_mean: 0.9195 | latent_std_std: 0.1933 | latent_true_kl: 0.1243 | latent_z_mean: 0.0120 | latent_z_std: 0.9929 | occupancy_loss: 0.0105 | raydrop_loss: 0.0332 | sdf_loss: 0.0001
[Step 27000/200000] [Epoch 1] lr=9.57e-04 | depth_loss: 0.0684 | eikonal_loss: 0.0031 | free_space_loss: 0.0000 | intensity_loss: 0.1227 | kl_loss: 0.0086 | kl_loss_raw: 0.1213 | kl_weight: 0.0705 | kl_weight_scale: 0.7052 | latent_channel_mean_abs_p95: 0.0386 | latent_channel_std_error_p95: 0.0247 | latent_gaussian_score: 0.1847 | latent_mu_mean: 0.0118 | latent_mu_std: 0.3180 | latent_std_mean: 0.9220 | latent_std_std: 0.1906 | latent_true_kl: 0.1213 | latent_z_mean: 0.0118 | latent_z_std: 0.9940 | occupancy_loss: 0.0103 | raydrop_loss: 0.0330 | sdf_loss: 0.0001
[Step 27500/200000] [Epoch 1] lr=9.55e-04 | depth_loss: 0.0711 | eikonal_loss: 0.0033 | free_space_loss: 0.0000 | intensity_loss: 0.1229 | kl_loss: 0.0088 | kl_loss_raw: 0.1213 | kl_weight: 0.0726 | kl_weight_scale: 0.7263 | latent_channel_mean_abs_p95: 0.0368 | latent_channel_std_error_p95: 0.0250 | latent_gaussian_score: 0.1831 | latent_mu_mean: 0.0113 | latent_mu_std: 0.3195 | latent_std_mean: 0.9217 | latent_std_std: 0.1901 | latent_true_kl: 0.1213 | latent_z_mean: 0.0113 | latent_z_std: 0.9941 | occupancy_loss: 0.0104 | raydrop_loss: 0.0333 | sdf_loss: 0.0001
[Step 28000/200000] [Epoch 1] lr=9.54e-04 | depth_loss: 0.0686 | eikonal_loss: 0.0029 | free_space_loss: 0.0000 | intensity_loss: 0.1175 | kl_loss: 0.0089 | kl_loss_raw: 0.1189 | kl_weight: 0.0747 | kl_weight_scale: 0.7473 | latent_channel_mean_abs_p95: 0.0366 | latent_channel_std_error_p95: 0.0251 | latent_gaussian_score: 0.1806 | latent_mu_mean: 0.0110 | latent_mu_std: 0.3157 | latent_std_mean: 0.9228 | latent_std_std: 0.1888 | latent_true_kl: 0.1189 | latent_z_mean: 0.0110 | latent_z_std: 0.9938 | occupancy_loss: 0.0104 | raydrop_loss: 0.0327 | sdf_loss: 0.0001
[Step 28500/200000] [Epoch 1] lr=9.52e-04 | depth_loss: 0.0682 | eikonal_loss: 0.0029 | free_space_loss: 0.0000 | intensity_loss: 0.1174 | kl_loss: 0.0089 | kl_loss_raw: 0.1163 | kl_weight: 0.0768 | kl_weight_scale: 0.7684 | latent_channel_mean_abs_p95: 0.0356 | latent_channel_std_error_p95: 0.0236 | latent_gaussian_score: 0.1755 | latent_mu_mean: 0.0110 | latent_mu_std: 0.3138 | latent_std_mean: 0.9244 | latent_std_std: 0.1864 | latent_true_kl: 0.1163 | latent_z_mean: 0.0110 | latent_z_std: 0.9941 | occupancy_loss: 0.0103 | raydrop_loss: 0.0326 | sdf_loss: 0.0001
[Step 29000/200000] [Epoch 1] lr=9.50e-04 | depth_loss: 0.0670 | eikonal_loss: 0.0029 | free_space_loss: 0.0000 | intensity_loss: 0.1200 | kl_loss: 0.0091 | kl_loss_raw: 0.1147 | kl_weight: 0.0789 | kl_weight_scale: 0.7895 | latent_channel_mean_abs_p95: 0.0356 | latent_channel_std_error_p95: 0.0237 | latent_gaussian_score: 0.1739 | latent_mu_mean: 0.0102 | latent_mu_std: 0.3117 | latent_std_mean: 0.9253 | latent_std_std: 0.1855 | latent_true_kl: 0.1147 | latent_z_mean: 0.0102 | latent_z_std: 0.9941 | occupancy_loss: 0.0103 | raydrop_loss: 0.0326 | sdf_loss: 0.0001
[Step 29500/200000] [Epoch 1] lr=9.49e-04 | depth_loss: 0.0680 | eikonal_loss: 0.0029 | free_space_loss: 0.0000 | intensity_loss: 0.1161 | kl_loss: 0.0092 | kl_loss_raw: 0.1140 | kl_weight: 0.0811 | kl_weight_scale: 0.8105 | latent_channel_mean_abs_p95: 0.0342 | latent_channel_std_error_p95: 0.0243 | latent_gaussian_score: 0.1725 | latent_mu_mean: 0.0098 | latent_mu_std: 0.3129 | latent_std_mean: 0.9256 | latent_std_std: 0.1842 | latent_true_kl: 0.1140 | latent_z_mean: 0.0098 | latent_z_std: 0.9946 | occupancy_loss: 0.0104 | raydrop_loss: 0.0326 | sdf_loss: 0.0001
[Step 30000/200000] [Epoch 1] lr=9.47e-04 | depth_loss: 0.0678 | eikonal_loss: 0.0029 | free_space_loss: 0.0000 | intensity_loss: 0.1172 | kl_loss: 0.0094 | kl_loss_raw: 0.1127 | kl_weight: 0.0832 | kl_weight_scale: 0.8316 | latent_channel_mean_abs_p95: 0.0335 | latent_channel_std_error_p95: 0.0232 | latent_gaussian_score: 0.1694 | latent_mu_mean: 0.0092 | latent_mu_std: 0.3107 | latent_std_mean: 0.9267 | latent_std_std: 0.1835 | latent_true_kl: 0.1127 | latent_z_mean: 0.0093 | latent_z_std: 0.9948 | occupancy_loss: 0.0104 | raydrop_loss: 0.0327 | sdf_loss: 0.0001
  Saved: checkpoints/ai_workloads_rec/lidar_only/step_030000.pth

  Validating (10 samples)...

  Running test-set validation...

  === Test Results (step 30000, 3004 batches) ===
  depth_loss: 0.0685 | intensity_loss: 0.0959 | kl_loss: 0.0108 | kl_weight: 0.0842 | kl_weight_scale: 0.8421 | latent_channel_mean_abs_p95: 0.2117 | latent_channel_std_error_p95: 0.1050 | latent_gaussian_score: 0.4446 | latent_true_kl: 0.1279 | latent_z_mean: -0.0201 | latent_z_std: 0.9334 | occupancy_loss: 0.0113 | raydrop_loss: 0.0322 | point_metric_samples: 6008 | point_metric_valid_samples: 6008 | chamfer_symmetric_mean: 2.962015 | chamfer_symmetric_sqrt_m_mean: 1.655920 | jsd: 0.11760087 | mmd: 1.31208706e-04
  Renders saved: checkpoints/ai_workloads_rec/lidar_only/val_renders

[Step 30500/200000] [Epoch 1] lr=9.45e-04 | depth_loss: 0.0674 | eikonal_loss: 0.0030 | free_space_loss: 0.0000 | intensity_loss: 0.1164 | kl_loss: 0.0095 | kl_loss_raw: 0.1113 | kl_weight: 0.0853 | kl_weight_scale: 0.8526 | latent_channel_mean_abs_p95: 0.0327 | latent_channel_std_error_p95: 0.0232 | latent_gaussian_score: 0.1672 | latent_mu_mean: 0.0095 | latent_mu_std: 0.3101 | latent_std_mean: 0.9273 | latent_std_std: 0.1822 | latent_true_kl: 0.1113 | latent_z_mean: 0.0095 | latent_z_std: 0.9948 | occupancy_loss: 0.0106 | raydrop_loss: 0.0325 | sdf_loss: 0.0001
[Step 31000/200000] [Epoch 1] lr=9.43e-04 | depth_loss: 0.0675 | eikonal_loss: 0.0028 | free_space_loss: 0.0000 | intensity_loss: 0.1181 | kl_loss: 0.0096 | kl_loss_raw: 0.1097 | kl_weight: 0.0874 | kl_weight_scale: 0.8737 | latent_channel_mean_abs_p95: 0.0336 | latent_channel_std_error_p95: 0.0233 | latent_gaussian_score: 0.1666 | latent_mu_mean: 0.0095 | latent_mu_std: 0.3082 | latent_std_mean: 0.9288 | latent_std_std: 0.1810 | latent_true_kl: 0.1097 | latent_z_mean: 0.0096 | latent_z_std: 0.9955 | occupancy_loss: 0.0104 | raydrop_loss: 0.0326 | sdf_loss: 0.0001
[Step 31500/200000] [Epoch 1] lr=9.42e-04 | depth_loss: 0.0672 | eikonal_loss: 0.0029 | free_space_loss: 0.0000 | intensity_loss: 0.1133 | kl_loss: 0.0097 | kl_loss_raw: 0.1087 | kl_weight: 0.0895 | kl_weight_scale: 0.8947 | latent_channel_mean_abs_p95: 0.0315 | latent_channel_std_error_p95: 0.0227 | latent_gaussian_score: 0.1629 | latent_mu_mean: 0.0085 | latent_mu_std: 0.3078 | latent_std_mean: 0.9291 | latent_std_std: 0.1800 | latent_true_kl: 0.1087 | latent_z_mean: 0.0085 | latent_z_std: 0.9954 | occupancy_loss: 0.0105 | raydrop_loss: 0.0325 | sdf_loss: 0.0001
[Step 32000/200000] [Epoch 1] lr=9.40e-04 | depth_loss: 0.0668 | eikonal_loss: 0.0028 | free_space_loss: 0.0000 | intensity_loss: 0.1227 | kl_loss: 0.0098 | kl_loss_raw: 0.1066 | kl_weight: 0.0916 | kl_weight_scale: 0.9158 | latent_channel_mean_abs_p95: 0.0326 | latent_channel_std_error_p95: 0.0224 | latent_gaussian_score: 0.1616 | latent_mu_mean: 0.0087 | latent_mu_std: 0.3048 | latent_std_mean: 0.9306 | latent_std_std: 0.1784 | latent_true_kl: 0.1066 | latent_z_mean: 0.0087 | latent_z_std: 0.9958 | occupancy_loss: 0.0102 | raydrop_loss: 0.0321 | sdf_loss: 0.0001
[Step 32500/200000] [Epoch 1] lr=9.38e-04 | depth_loss: 0.0655 | eikonal_loss: 0.0030 | free_space_loss: 0.0000 | intensity_loss: 0.1197 | kl_loss: 0.0099 | kl_loss_raw: 0.1059 | kl_weight: 0.0937 | kl_weight_scale: 0.9368 | latent_channel_mean_abs_p95: 0.0332 | latent_channel_std_error_p95: 0.0224 | latent_gaussian_score: 0.1614 | latent_mu_mean: 0.0089 | latent_mu_std: 0.3048 | latent_std_mean: 0.9306 | latent_std_std: 0.1773 | latent_true_kl: 0.1059 | latent_z_mean: 0.0090 | latent_z_std: 0.9955 | occupancy_loss: 0.0103 | raydrop_loss: 0.0323 | sdf_loss: 0.0001
[Step 33000/200000] [Epoch 1] lr=9.36e-04 | depth_loss: 0.0676 | eikonal_loss: 0.0027 | free_space_loss: 0.0000 | intensity_loss: 0.1219 | kl_loss: 0.0101 | kl_loss_raw: 0.1050 | kl_weight: 0.0958 | kl_weight_scale: 0.9579 | latent_channel_mean_abs_p95: 0.0325 | latent_channel_std_error_p95: 0.0224 | latent_gaussian_score: 0.1598 | latent_mu_mean: 0.0082 | latent_mu_std: 0.3037 | latent_std_mean: 0.9314 | latent_std_std: 0.1767 | latent_true_kl: 0.1050 | latent_z_mean: 0.0083 | latent_z_std: 0.9958 | occupancy_loss: 0.0105 | raydrop_loss: 0.0325 | sdf_loss: 0.0001
[Step 33500/200000] [Epoch 1] lr=9.34e-04 | depth_loss: 0.0666 | eikonal_loss: 0.0028 | free_space_loss: 0.0000 | intensity_loss: 0.1216 | kl_loss: 0.0102 | kl_loss_raw: 0.1043 | kl_weight: 0.0979 | kl_weight_scale: 0.9789 | latent_channel_mean_abs_p95: 0.0295 | latent_channel_std_error_p95: 0.0221 | latent_gaussian_score: 0.1560 | latent_mu_mean: 0.0074 | latent_mu_std: 0.3035 | latent_std_mean: 0.9318 | latent_std_std: 0.1764 | latent_true_kl: 0.1043 | latent_z_mean: 0.0075 | latent_z_std: 0.9960 | occupancy_loss: 0.0105 | raydrop_loss: 0.0320 | sdf_loss: 0.0001
[Step 34000/200000] [Epoch 1] lr=9.32e-04 | depth_loss: 0.0673 | eikonal_loss: 0.0028 | free_space_loss: 0.0000 | intensity_loss: 0.1106 | kl_loss: 0.0103 | kl_loss_raw: 0.1031 | kl_weight: 0.0997 | kl_weight_scale: 0.9974 | latent_channel_mean_abs_p95: 0.0306 | latent_channel_std_error_p95: 0.0221 | latent_gaussian_score: 0.1558 | latent_mu_mean: 0.0075 | latent_mu_std: 0.3028 | latent_std_mean: 0.9323 | latent_std_std: 0.1750 | latent_true_kl: 0.1031 | latent_z_mean: 0.0075 | latent_z_std: 0.9961 | occupancy_loss: 0.0105 | raydrop_loss: 0.0322 | sdf_loss: 0.0001
[Step 34500/200000] [Epoch 1] lr=9.30e-04 | depth_loss: 0.0662 | eikonal_loss: 0.0028 | free_space_loss: 0.0000 | intensity_loss: 0.1187 | kl_loss: 0.0102 | kl_loss_raw: 0.1018 | kl_weight: 0.1000 | kl_weight_scale: 1.0000 | latent_channel_mean_abs_p95: 0.0310 | latent_channel_std_error_p95: 0.0222 | latent_gaussian_score: 0.1550 | latent_mu_mean: 0.0074 | latent_mu_std: 0.3008 | latent_std_mean: 0.9329 | latent_std_std: 0.1738 | latent_true_kl: 0.1018 | latent_z_mean: 0.0075 | latent_z_std: 0.9958 | occupancy_loss: 0.0104 | raydrop_loss: 0.0324 | sdf_loss: 0.0001
[Step 35000/200000] [Epoch 1] lr=9.28e-04 | depth_loss: 0.0663 | eikonal_loss: 0.0028 | free_space_loss: 0.0000 | intensity_loss: 0.1125 | kl_loss: 0.0103 | kl_loss_raw: 0.1028 | kl_weight: 0.1000 | kl_weight_scale: 1.0000 | latent_channel_mean_abs_p95: 0.0302 | latent_channel_std_error_p95: 0.0228 | latent_gaussian_score: 0.1557 | latent_mu_mean: 0.0073 | latent_mu_std: 0.3025 | latent_std_mean: 0.9323 | latent_std_std: 0.1747 | latent_true_kl: 0.1028 | latent_z_mean: 0.0074 | latent_z_std: 0.9959 | occupancy_loss: 0.0105 | raydrop_loss: 0.0320 | sdf_loss: 0.0001
[Step 35500/200000] [Epoch 1] lr=9.26e-04 | depth_loss: 0.0657 | eikonal_loss: 0.0027 | free_space_loss: 0.0000 | intensity_loss: 0.1215 | kl_loss: 0.0102 | kl_loss_raw: 0.1017 | kl_weight: 0.1000 | kl_weight_scale: 1.0000 | latent_channel_mean_abs_p95: 0.0308 | latent_channel_std_error_p95: 0.0222 | latent_gaussian_score: 0.1548 | latent_mu_mean: 0.0075 | latent_mu_std: 0.3004 | latent_std_mean: 0.9332 | latent_std_std: 0.1738 | latent_true_kl: 0.1017 | latent_z_mean: 0.0075 | latent_z_std: 0.9959 | occupancy_loss: 0.0105 | raydrop_loss: 0.0321 | sdf_loss: 0.0001
[Step 36000/200000] [Epoch 1] lr=9.24e-04 | depth_loss: 0.0657 | eikonal_loss: 0.0028 | free_space_loss: 0.0000 | intensity_loss: 0.1215 | kl_loss: 0.0102 | kl_loss_raw: 0.1020 | kl_weight: 0.1000 | kl_weight_scale: 1.0000 | latent_channel_mean_abs_p95: 0.0298 | latent_channel_std_error_p95: 0.0223 | latent_gaussian_score: 0.1540 | latent_mu_mean: 0.0068 | latent_mu_std: 0.3007 | latent_std_mean: 0.9331 | latent_std_std: 0.1740 | latent_true_kl: 0.1020 | latent_z_mean: 0.0067 | latent_z_std: 0.9960 | occupancy_loss: 0.0104 | raydrop_loss: 0.0320 | sdf_loss: 0.0001
[Step 36500/200000] [Epoch 1] lr=9.22e-04 | depth_loss: 0.0664 | eikonal_loss: 0.0027 | free_space_loss: 0.0000 | intensity_loss: 0.1237 | kl_loss: 0.0102 | kl_loss_raw: 0.1021 | kl_weight: 0.1000 | kl_weight_scale: 1.0000 | latent_channel_mean_abs_p95: 0.0307 | latent_channel_std_error_p95: 0.0219 | latent_gaussian_score: 0.1548 | latent_mu_mean: 0.0076 | latent_mu_std: 0.3011 | latent_std_mean: 0.9332 | latent_std_std: 0.1740 | latent_true_kl: 0.1021 | latent_z_mean: 0.0076 | latent_z_std: 0.9962 | occupancy_loss: 0.0104 | raydrop_loss: 0.0323 | sdf_loss: 0.0001
[Step 37000/200000] [Epoch 1] lr=9.20e-04 | depth_loss: 0.0650 | eikonal_loss: 0.0027 | free_space_loss: 0.0000 | intensity_loss: 0.1203 | kl_loss: 0.0101 | kl_loss_raw: 0.1010 | kl_weight: 0.1000 | kl_weight_scale: 1.0000 | latent_channel_mean_abs_p95: 0.0301 | latent_channel_std_error_p95: 0.0217 | latent_gaussian_score: 0.1528 | latent_mu_mean: 0.0068 | latent_mu_std: 0.2991 | latent_std_mean: 0.9340 | latent_std_std: 0.1734 | latent_true_kl: 0.1010 | latent_z_mean: 0.0068 | latent_z_std: 0.9963 | occupancy_loss: 0.0103 | raydrop_loss: 0.0319 | sdf_loss: 0.0001
[Step 37500/200000] [Epoch 1] lr=9.18e-04 | depth_loss: 0.0645 | eikonal_loss: 0.0027 | free_space_loss: 0.0000 | intensity_loss: 0.1091 | kl_loss: 0.0101 | kl_loss_raw: 0.1012 | kl_weight: 0.1000 | kl_weight_scale: 1.0000 | latent_channel_mean_abs_p95: 0.0296 | latent_channel_std_error_p95: 0.0223 | latent_gaussian_score: 0.1530 | latent_mu_mean: 0.0066 | latent_mu_std: 0.2990 | latent_std_mean: 0.9336 | latent_std_std: 0.1737 | latent_true_kl: 0.1012 | latent_z_mean: 0.0067 | latent_z_std: 0.9959 | occupancy_loss: 0.0104 | raydrop_loss: 0.0318 | sdf_loss: 0.0001
[Step 38000/200000] [Epoch 2] lr=9.15e-04 | depth_loss: 0.0655 | eikonal_loss: 0.0027 | free_space_loss: 0.0000 | intensity_loss: 0.1178 | kl_loss: 0.0102 | kl_loss_raw: 0.1020 | kl_weight: 0.1000 | kl_weight_scale: 1.0000 | latent_channel_mean_abs_p95: 0.0307 | latent_channel_std_error_p95: 0.0223 | latent_gaussian_score: 0.1550 | latent_mu_mean: 0.0070 | latent_mu_std: 0.3007 | latent_std_mean: 0.9328 | latent_std_std: 0.1741 | latent_true_kl: 0.1020 | latent_z_mean: 0.0070 | latent_z_std: 0.9957 | occupancy_loss: 0.0104 | raydrop_loss: 0.0320 | sdf_loss: 0.0001
[Step 38500/200000] [Epoch 2] lr=9.13e-04 | depth_loss: 0.0659 | eikonal_loss: 0.0027 | free_space_loss: 0.0000 | intensity_loss: 0.1206 | kl_loss: 0.0102 | kl_loss_raw: 0.1019 | kl_weight: 0.1000 | kl_weight_scale: 1.0000 | latent_channel_mean_abs_p95: 0.0300 | latent_channel_std_error_p95: 0.0219 | latent_gaussian_score: 0.1537 | latent_mu_mean: 0.0069 | latent_mu_std: 0.3007 | latent_std_mean: 0.9332 | latent_std_std: 0.1737 | latent_true_kl: 0.1019 | latent_z_mean: 0.0069 | latent_z_std: 0.9961 | occupancy_loss: 0.0104 | raydrop_loss: 0.0320 | sdf_loss: 0.0001
[Step 39000/200000] [Epoch 2] lr=9.11e-04 | depth_loss: 0.0659 | eikonal_loss: 0.0026 | free_space_loss: 0.0000 | intensity_loss: 0.1094 | kl_loss: 0.0101 | kl_loss_raw: 0.1014 | kl_weight: 0.1000 | kl_weight_scale: 1.0000 | latent_channel_mean_abs_p95: 0.0306 | latent_channel_std_error_p95: 0.0223 | latent_gaussian_score: 0.1543 | latent_mu_mean: 0.0069 | latent_mu_std: 0.3000 | latent_std_mean: 0.9332 | latent_std_std: 0.1735 | latent_true_kl: 0.1014 | latent_z_mean: 0.0069 | latent_z_std: 0.9958 | occupancy_loss: 0.0104 | raydrop_loss: 0.0317 | sdf_loss: 0.0001
[Step 39500/200000] [Epoch 2] lr=9.09e-04 | depth_loss: 0.0654 | eikonal_loss: 0.0026 | free_space_loss: 0.0000 | intensity_loss: 0.1127 | kl_loss: 0.0101 | kl_loss_raw: 0.1013 | kl_weight: 0.1000 | kl_weight_scale: 1.0000 | latent_channel_mean_abs_p95: 0.0292 | latent_channel_std_error_p95: 0.0231 | latent_gaussian_score: 0.1536 | latent_mu_mean: 0.0059 | latent_mu_std: 0.2993 | latent_std_mean: 0.9331 | latent_std_std: 0.1735 | latent_true_kl: 0.1013 | latent_z_mean: 0.0059 | latent_z_std: 0.9956 | occupancy_loss: 0.0104 | raydrop_loss: 0.0314 | sdf_loss: 0.0001
[Step 40000/200000] [Epoch 2] lr=9.06e-04 | depth_loss: 0.0652 | eikonal_loss: 0.0027 | free_space_loss: 0.0000 | intensity_loss: 0.1156 | kl_loss: 0.0101 | kl_loss_raw: 0.1011 | kl_weight: 0.1000 | kl_weight_scale: 1.0000 | latent_channel_mean_abs_p95: 0.0289 | latent_channel_std_error_p95: 0.0221 | latent_gaussian_score: 0.1521 | latent_mu_mean: 0.0060 | latent_mu_std: 0.2999 | latent_std_mean: 0.9338 | latent_std_std: 0.1730 | latent_true_kl: 0.1011 | latent_z_mean: 0.0059 | latent_z_std: 0.9963 | occupancy_loss: 0.0102 | raydrop_loss: 0.0315 | sdf_loss: 0.0001
  Saved: checkpoints/ai_workloads_rec/lidar_only/step_040000.pth

  Validating (10 samples)...

  Running test-set validation...

  === Test Results (step 40000, 3004 batches) ===
  depth_loss: 0.0656 | intensity_loss: 0.0943 | kl_loss: 0.0107 | kl_weight: 0.1000 | kl_weight_scale: 1.0000 | latent_channel_mean_abs_p95: 0.2333 | latent_channel_std_error_p95: 0.0466 | latent_gaussian_score: 0.3867 | latent_true_kl: 0.1068 | latent_z_mean: 0.0326 | latent_z_std: 1.0041 | occupancy_loss: 0.0112 | raydrop_loss: 0.0317 | point_metric_samples: 6008 | point_metric_valid_samples: 6008 | chamfer_symmetric_mean: 2.918511 | chamfer_symmetric_sqrt_m_mean: 1.650819 | jsd: 0.11627491 | mmd: 1.33038673e-04
  Renders saved: checkpoints/ai_workloads_rec/lidar_only/val_renders

[Step 40500/200000] [Epoch 2] lr=9.04e-04 | depth_loss: 0.0630 | eikonal_loss: 0.0026 | free_space_loss: 0.0000 | intensity_loss: 0.1175 | kl_loss: 0.0100 | kl_loss_raw: 0.0995 | kl_weight: 0.1000 | kl_weight_scale: 1.0000 | latent_channel_mean_abs_p95: 0.0287 | latent_channel_std_error_p95: 0.0217 | latent_gaussian_score: 0.1499 | latent_mu_mean: 0.0061 | latent_mu_std: 0.2963 | latent_std_mean: 0.9346 | latent_std_std: 0.1723 | latent_true_kl: 0.0995 | latent_z_mean: 0.0061 | latent_z_std: 0.9958 | occupancy_loss: 0.0102 | raydrop_loss: 0.0314 | sdf_loss: 0.0001
[Step 41000/200000] [Epoch 2] lr=9.02e-04 | depth_loss: 0.0639 | eikonal_loss: 0.0026 | free_space_loss: 0.0000 | intensity_loss: 0.1173 | kl_loss: 0.0100 | kl_loss_raw: 0.1001 | kl_weight: 0.1000 | kl_weight_scale: 1.0000 | latent_channel_mean_abs_p95: 0.0295 | latent_channel_std_error_p95: 0.0215 | latent_gaussian_score: 0.1511 | latent_mu_mean: 0.0063 | latent_mu_std: 0.2970 | latent_std_mean: 0.9350 | latent_std_std: 0.1728 | latent_true_kl: 0.1001 | latent_z_mean: 0.0063 | latent_z_std: 0.9965 | occupancy_loss: 0.0102 | raydrop_loss: 0.0316 | sdf_loss: 0.0001
[Step 41500/200000] [Epoch 2] lr=8.99e-04 | depth_loss: 0.0643 | eikonal_loss: 0.0026 | free_space_loss: 0.0000 | intensity_loss: 0.1171 | kl_loss: 0.0100 | kl_loss_raw: 0.0998 | kl_weight: 0.1000 | kl_weight_scale: 1.0000 | latent_channel_mean_abs_p95: 0.0283 | latent_channel_std_error_p95: 0.0223 | latent_gaussian_score: 0.1504 | latent_mu_mean: 0.0059 | latent_mu_std: 0.2965 | latent_std_mean: 0.9342 | latent_std_std: 0.1726 | latent_true_kl: 0.0998 | latent_z_mean: 0.0060 | latent_z_std: 0.9955 | occupancy_loss: 0.0102 | raydrop_loss: 0.0313 | sdf_loss: 0.0001
[Step 42000/200000] [Epoch 2] lr=8.97e-04 | depth_loss: 0.0650 | eikonal_loss: 0.0026 | free_space_loss: 0.0000 | intensity_loss: 0.1102 | kl_loss: 0.0100 | kl_loss_raw: 0.0997 | kl_weight: 0.1000 | kl_weight_scale: 1.0000 | latent_channel_mean_abs_p95: 0.0282 | latent_channel_std_error_p95: 0.0216 | latent_gaussian_score: 0.1495 | latent_mu_mean: 0.0057 | latent_mu_std: 0.2968 | latent_std_mean: 0.9352 | latent_std_std: 0.1724 | latent_true_kl: 0.0997 | latent_z_mean: 0.0057 | latent_z_std: 0.9966 | occupancy_loss: 0.0101 | raydrop_loss: 0.0311 | sdf_loss: 0.0001
[Step 42500/200000] [Epoch 2] lr=8.95e-04 | depth_loss: 0.0635 | eikonal_loss: 0.0026 | free_space_loss: 0.0000 | intensity_loss: 0.1158 | kl_loss: 0.0100 | kl_loss_raw: 0.0996 | kl_weight: 0.1000 | kl_weight_scale: 1.0000 | latent_channel_mean_abs_p95: 0.0285 | latent_channel_std_error_p95: 0.0217 | latent_gaussian_score: 0.1499 | latent_mu_mean: 0.0061 | latent_mu_std: 0.2967 | latent_std_mean: 0.9351 | latent_std_std: 0.1723 | latent_true_kl: 0.0996 | latent_z_mean: 0.0061 | latent_z_std: 0.9963 | occupancy_loss: 0.0101 | raydrop_loss: 0.0313 | sdf_loss: 0.0001
[Step 43000/200000] [Epoch 2] lr=8.92e-04 | depth_loss: 0.0640 | eikonal_loss: 0.0026 | free_space_loss: 0.0000 | intensity_loss: 0.1116 | kl_loss: 0.0100 | kl_loss_raw: 0.0996 | kl_weight: 0.1000 | kl_weight_scale: 1.0000 | latent_channel_mean_abs_p95: 0.0284 | latent_channel_std_error_p95: 0.0223 | latent_gaussian_score: 0.1502 | latent_mu_mean: 0.0057 | latent_mu_std: 0.2972 | latent_std_mean: 0.9347 | latent_std_std: 0.1720 | latent_true_kl: 0.0996 | latent_z_mean: 0.0057 | latent_z_std: 0.9962 | occupancy_loss: 0.0102 | raydrop_loss: 0.0312 | sdf_loss: 0.0001
[Step 43500/200000] [Epoch 2] lr=8.90e-04 | depth_loss: 0.0628 | eikonal_loss: 0.0026 | free_space_loss: 0.0000 | intensity_loss: 0.1166 | kl_loss: 0.0099 | kl_loss_raw: 0.0985 | kl_weight: 0.1000 | kl_weight_scale: 1.0000 | latent_channel_mean_abs_p95: 0.0281 | latent_channel_std_error_p95: 0.0216 | latent_gaussian_score: 0.1482 | latent_mu_mean: 0.0059 | latent_mu_std: 0.2953 | latent_std_mean: 0.9356 | latent_std_std: 0.1712 | latent_true_kl: 0.0985 | latent_z_mean: 0.0059 | latent_z_std: 0.9962 | occupancy_loss: 0.0100 | raydrop_loss: 0.0312 | sdf_loss: 0.0001
[Step 44000/200000] [Epoch 2] lr=8.87e-04 | depth_loss: 0.0636 | eikonal_loss: 0.0026 | free_space_loss: 0.0000 | intensity_loss: 0.1115 | kl_loss: 0.0101 | kl_loss_raw: 0.1008 | kl_weight: 0.1000 | kl_weight_scale: 1.0000 | latent_channel_mean_abs_p95: 0.0293 | latent_channel_std_error_p95: 0.0222 | latent_gaussian_score: 0.1523 | latent_mu_mean: 0.0064 | latent_mu_std: 0.2990 | latent_std_mean: 0.9338 | latent_std_std: 0.1729 | latent_true_kl: 0.1008 | latent_z_mean: 0.0065 | latent_z_std: 0.9960 | occupancy_loss: 0.0102 | raydrop_loss: 0.0310 | sdf_loss: 0.0001
[Step 44500/200000] [Epoch 2] lr=8.85e-04 | depth_loss: 0.0648 | eikonal_loss: 0.0026 | free_space_loss: 0.0000 | intensity_loss: 0.1103 | kl_loss: 0.0100 | kl_loss_raw: 0.0999 | kl_weight: 0.1000 | kl_weight_scale: 1.0000 | latent_channel_mean_abs_p95: 0.0282 | latent_channel_std_error_p95: 0.0219 | latent_gaussian_score: 0.1501 | latent_mu_mean: 0.0057 | latent_mu_std: 0.2969 | latent_std_mean: 0.9342 | latent_std_std: 0.1726 | latent_true_kl: 0.0999 | latent_z_mean: 0.0057 | latent_z_std: 0.9956 | occupancy_loss: 0.0102 | raydrop_loss: 0.0313 | sdf_loss: 0.0001
[Step 45000/200000] [Epoch 2] lr=8.82e-04 | depth_loss: 0.0643 | eikonal_loss: 0.0026 | free_space_loss: 0.0000 | intensity_loss: 0.1125 | kl_loss: 0.0100 | kl_loss_raw: 0.1000 | kl_weight: 0.1000 | kl_weight_scale: 1.0000 | latent_channel_mean_abs_p95: 0.0283 | latent_channel_std_error_p95: 0.0221 | latent_gaussian_score: 0.1505 | latent_mu_mean: 0.0057 | latent_mu_std: 0.2974 | latent_std_mean: 0.9351 | latent_std_std: 0.1725 | latent_true_kl: 0.1000 | latent_z_mean: 0.0057 | latent_z_std: 0.9967 | occupancy_loss: 0.0102 | raydrop_loss: 0.0312 | sdf_loss: 0.0001
[Step 45500/200000] [Epoch 2] lr=8.80e-04 | depth_loss: 0.0640 | eikonal_loss: 0.0026 | free_space_loss: 0.0000 | intensity_loss: 0.1098 | kl_loss: 0.0100 | kl_loss_raw: 0.0997 | kl_weight: 0.1000 | kl_weight_scale: 1.0000 | latent_channel_mean_abs_p95: 0.0280 | latent_channel_std_error_p95: 0.0218 | latent_gaussian_score: 0.1495 | latent_mu_mean: 0.0055 | latent_mu_std: 0.2976 | latent_std_mean: 0.9351 | latent_std_std: 0.1720 | latent_true_kl: 0.0997 | latent_z_mean: 0.0055 | latent_z_std: 0.9966 | occupancy_loss: 0.0102 | raydrop_loss: 0.0311 | sdf_loss: 0.0001
[Step 46000/200000] [Epoch 2] lr=8.77e-04 | depth_loss: 0.0643 | eikonal_loss: 0.0026 | free_space_loss: 0.0000 | intensity_loss: 0.1071 | kl_loss: 0.0100 | kl_loss_raw: 0.1003 | kl_weight: 0.1000 | kl_weight_scale: 1.0000 | latent_channel_mean_abs_p95: 0.0280 | latent_channel_std_error_p95: 0.0219 | latent_gaussian_score: 0.1502 | latent_mu_mean: 0.0057 | latent_mu_std: 0.2989 | latent_std_mean: 0.9346 | latent_std_std: 0.1723 | latent_true_kl: 0.1003 | latent_z_mean: 0.0057 | latent_z_std: 0.9966 | occupancy_loss: 0.0103 | raydrop_loss: 0.0310 | sdf_loss: 0.0001
[Step 46500/200000] [Epoch 2] lr=8.74e-04 | depth_loss: 0.0630 | eikonal_loss: 0.0025 | free_space_loss: 0.0000 | intensity_loss: 0.1132 | kl_loss: 0.0099 | kl_loss_raw: 0.0991 | kl_weight: 0.1000 | kl_weight_scale: 1.0000 | latent_channel_mean_abs_p95: 0.0276 | latent_channel_std_error_p95: 0.0214 | latent_gaussian_score: 0.1482 | latent_mu_mean: 0.0056 | latent_mu_std: 0.2955 | latent_std_mean: 0.9353 | latent_std_std: 0.1719 | latent_true_kl: 0.0991 | latent_z_mean: 0.0057 | latent_z_std: 0.9961 | occupancy_loss: 0.0100 | raydrop_loss: 0.0310 | sdf_loss: 0.0001
[Step 47000/200000] [Epoch 2] lr=8.72e-04 | depth_loss: 0.0639 | eikonal_loss: 0.0026 | free_space_loss: 0.0000 | intensity_loss: 0.1076 | kl_loss: 0.0099 | kl_loss_raw: 0.0993 | kl_weight: 0.1000 | kl_weight_scale: 1.0000 | latent_channel_mean_abs_p95: 0.0280 | latent_channel_std_error_p95: 0.0223 | latent_gaussian_score: 0.1496 | latent_mu_mean: 0.0053 | latent_mu_std: 0.2973 | latent_std_mean: 0.9349 | latent_std_std: 0.1714 | latent_true_kl: 0.0993 | latent_z_mean: 0.0053 | latent_z_std: 0.9963 | occupancy_loss: 0.0101 | raydrop_loss: 0.0309 | sdf_loss: 0.0001
[Step 47500/200000] [Epoch 2] lr=8.69e-04 | depth_loss: 0.0639 | eikonal_loss: 0.0025 | free_space_loss: 0.0000 | intensity_loss: 0.1100 | kl_loss: 0.0100 | kl_loss_raw: 0.1004 | kl_weight: 0.1000 | kl_weight_scale: 1.0000 | latent_channel_mean_abs_p95: 0.0281 | latent_channel_std_error_p95: 0.0217 | latent_gaussian_score: 0.1501 | latent_mu_mean: 0.0055 | latent_mu_std: 0.2991 | latent_std_mean: 0.9341 | latent_std_std: 0.1721 | latent_true_kl: 0.1004 | latent_z_mean: 0.0056 | latent_z_std: 0.9962 | occupancy_loss: 0.0102 | raydrop_loss: 0.0308 | sdf_loss: 0.0001
[Step 48000/200000] [Epoch 2] lr=8.67e-04 | depth_loss: 0.0632 | eikonal_loss: 0.0025 | free_space_loss: 0.0000 | intensity_loss: 0.1038 | kl_loss: 0.0100 | kl_loss_raw: 0.1002 | kl_weight: 0.1000 | kl_weight_scale: 1.0000 | latent_channel_mean_abs_p95: 0.0270 | latent_channel_std_error_p95: 0.0222 | latent_gaussian_score: 0.1494 | latent_mu_mean: 0.0050 | latent_mu_std: 0.2977 | latent_std_mean: 0.9342 | latent_std_std: 0.1724 | latent_true_kl: 0.1002 | latent_z_mean: 0.0050 | latent_z_std: 0.9958 | occupancy_loss: 0.0102 | raydrop_loss: 0.0306 | sdf_loss: 0.0001
[Step 48500/200000] [Epoch 2] lr=8.64e-04 | depth_loss: 0.0626 | eikonal_loss: 0.0026 | free_space_loss: 0.0000 | intensity_loss: 0.1135 | kl_loss: 0.0099 | kl_loss_raw: 0.0990 | kl_weight: 0.1000 | kl_weight_scale: 1.0000 | latent_channel_mean_abs_p95: 0.0283 | latent_channel_std_error_p95: 0.0222 | latent_gaussian_score: 0.1495 | latent_mu_mean: 0.0055 | latent_mu_std: 0.2962 | latent_std_mean: 0.9356 | latent_std_std: 0.1712 | latent_true_kl: 0.0990 | latent_z_mean: 0.0054 | latent_z_std: 0.9965 | occupancy_loss: 0.0100 | raydrop_loss: 0.0308 | sdf_loss: 0.0001
[Step 49000/200000] [Epoch 2] lr=8.61e-04 | depth_loss: 0.0628 | eikonal_loss: 0.0025 | free_space_loss: 0.0000 | intensity_loss: 0.1108 | kl_loss: 0.0100 | kl_loss_raw: 0.1000 | kl_weight: 0.1000 | kl_weight_scale: 1.0000 | latent_channel_mean_abs_p95: 0.0278 | latent_channel_std_error_p95: 0.0217 | latent_gaussian_score: 0.1495 | latent_mu_mean: 0.0055 | latent_mu_std: 0.2976 | latent_std_mean: 0.9349 | latent_std_std: 0.1721 | latent_true_kl: 0.1000 | latent_z_mean: 0.0055 | latent_z_std: 0.9964 | occupancy_loss: 0.0102 | raydrop_loss: 0.0307 | sdf_loss: 0.0001
[Step 49500/200000] [Epoch 2] lr=8.58e-04 | depth_loss: 0.0633 | eikonal_loss: 0.0025 | free_space_loss: 0.0000 | intensity_loss: 0.1211 | kl_loss: 0.0099 | kl_loss_raw: 0.0995 | kl_weight: 0.1000 | kl_weight_scale: 1.0000 | latent_channel_mean_abs_p95: 0.0271 | latent_channel_std_error_p95: 0.0214 | latent_gaussian_score: 0.1480 | latent_mu_mean: 0.0052 | latent_mu_std: 0.2964 | latent_std_mean: 0.9353 | latent_std_std: 0.1716 | latent_true_kl: 0.0995 | latent_z_mean: 0.0052 | latent_z_std: 0.9964 | occupancy_loss: 0.0102 | raydrop_loss: 0.0309 | sdf_loss: 0.0001
[Step 50000/200000] [Epoch 2] lr=8.56e-04 | depth_loss: 0.0625 | eikonal_loss: 0.0024 | free_space_loss: 0.0000 | intensity_loss: 0.1132 | kl_loss: 0.0098 | kl_loss_raw: 0.0985 | kl_weight: 0.1000 | kl_weight_scale: 1.0000 | latent_channel_mean_abs_p95: 0.0272 | latent_channel_std_error_p95: 0.0218 | latent_gaussian_score: 0.1474 | latent_mu_mean: 0.0050 | latent_mu_std: 0.2956 | latent_std_mean: 0.9358 | latent_std_std: 0.1707 | latent_true_kl: 0.0985 | latent_z_mean: 0.0049 | latent_z_std: 0.9965 | occupancy_loss: 0.0100 | raydrop_loss: 0.0306 | sdf_loss: 0.0001
  Saved: checkpoints/ai_workloads_rec/lidar_only/step_050000.pth

  Validating (10 samples)...

  Running test-set validation...

  === Test Results (step 50000, 3004 batches) ===
  depth_loss: 0.0645 | intensity_loss: 0.0926 | kl_loss: 0.0103 | kl_weight: 0.1000 | kl_weight_scale: 1.0000 | latent_channel_mean_abs_p95: 0.1741 | latent_channel_std_error_p95: 0.0476 | latent_gaussian_score: 0.3243 | latent_true_kl: 0.1026 | latent_z_mean: 0.0058 | latent_z_std: 0.9866 | occupancy_loss: 0.0107 | raydrop_loss: 0.0304 | point_metric_samples: 6008 | point_metric_valid_samples: 6008 | chamfer_symmetric_mean: 2.943577 | chamfer_symmetric_sqrt_m_mean: 1.651717 | jsd: 0.11742155 | mmd: 1.30972291e-04
  Renders saved: checkpoints/ai_workloads_rec/lidar_only/val_renders

[Step 50500/200000] [Epoch 2] lr=8.53e-04 | depth_loss: 0.0622 | eikonal_loss: 0.0024 | free_space_loss: 0.0000 | intensity_loss: 0.1066 | kl_loss: 0.0100 | kl_loss_raw: 0.0997 | kl_weight: 0.1000 | kl_weight_scale: 1.0000 | latent_channel_mean_abs_p95: 0.0269 | latent_channel_std_error_p95: 0.0216 | latent_gaussian_score: 0.1482 | latent_mu_mean: 0.0046 | latent_mu_std: 0.2982 | latent_std_mean: 0.9344 | latent_std_std: 0.1714 | latent_true_kl: 0.0997 | latent_z_mean: 0.0046 | latent_z_std: 0.9960 | occupancy_loss: 0.0102 | raydrop_loss: 0.0305 | sdf_loss: 0.0001
[Step 51000/200000] [Epoch 2] lr=8.50e-04 | depth_loss: 0.0627 | eikonal_loss: 0.0024 | free_space_loss: 0.0000 | intensity_loss: 0.1085 | kl_loss: 0.0099 | kl_loss_raw: 0.0995 | kl_weight: 0.1000 | kl_weight_scale: 1.0000 | latent_channel_mean_abs_p95: 0.0266 | latent_channel_std_error_p95: 0.0219 | latent_gaussian_score: 0.1479 | latent_mu_mean: 0.0051 | latent_mu_std: 0.2974 | latent_std_mean: 0.9349 | latent_std_std: 0.1715 | latent_true_kl: 0.0995 | latent_z_mean: 0.0051 | latent_z_std: 0.9963 | occupancy_loss: 0.0101 | raydrop_loss: 0.0305 | sdf_loss: 0.0001
[Step 51500/200000] [Epoch 2] lr=8.47e-04 | depth_loss: 0.0616 | eikonal_loss: 0.0024 | free_space_loss: 0.0000 | intensity_loss: 0.1152 | kl_loss: 0.0099 | kl_loss_raw: 0.0987 | kl_weight: 0.1000 | kl_weight_scale: 1.0000 | latent_channel_mean_abs_p95: 0.0269 | latent_channel_std_error_p95: 0.0213 | latent_gaussian_score: 0.1469 | latent_mu_mean: 0.0051 | latent_mu_std: 0.2948 | latent_std_mean: 0.9361 | latent_std_std: 0.1713 | latent_true_kl: 0.0987 | latent_z_mean: 0.0050 | latent_z_std: 0.9965 | occupancy_loss: 0.0101 | raydrop_loss: 0.0303 | sdf_loss: 0.0001
[Step 52000/200000] [Epoch 2] lr=8.44e-04 | depth_loss: 0.0616 | eikonal_loss: 0.0024 | free_space_loss: 0.0000 | intensity_loss: 0.1179 | kl_loss: 0.0099 | kl_loss_raw: 0.0991 | kl_weight: 0.1000 | kl_weight_scale: 1.0000 | latent_channel_mean_abs_p95: 0.0265 | latent_channel_std_error_p95: 0.0213 | latent_gaussian_score: 0.1469 | latent_mu_mean: 0.0047 | latent_mu_std: 0.2964 | latent_std_mean: 0.9358 | latent_std_std: 0.1711 | latent_true_kl: 0.0991 | latent_z_mean: 0.0047 | latent_z_std: 0.9967 | occupancy_loss: 0.0100 | raydrop_loss: 0.0302 | sdf_loss: 0.0001
[Step 52500/200000] [Epoch 2] lr=8.42e-04 | depth_loss: 0.0622 | eikonal_loss: 0.0024 | free_space_loss: 0.0000 | intensity_loss: 0.1065 | kl_loss: 0.0099 | kl_loss_raw: 0.0988 | kl_weight: 0.1000 | kl_weight_scale: 1.0000 | latent_channel_mean_abs_p95: 0.0272 | latent_channel_std_error_p95: 0.0216 | latent_gaussian_score: 0.1475 | latent_mu_mean: 0.0046 | latent_mu_std: 0.2966 | latent_std_mean: 0.9355 | latent_std_std: 0.1706 | latent_true_kl: 0.0988 | latent_z_mean: 0.0046 | latent_z_std: 0.9965 | occupancy_loss: 0.0101 | raydrop_loss: 0.0303 | sdf_loss: 0.0001
[Step 53000/200000] [Epoch 2] lr=8.39e-04 | depth_loss: 0.0622 | eikonal_loss: 0.0024 | free_space_loss: 0.0000 | intensity_loss: 0.1103 | kl_loss: 0.0099 | kl_loss_raw: 0.0993 | kl_weight: 0.1000 | kl_weight_scale: 1.0000 | latent_channel_mean_abs_p95: 0.0266 | latent_channel_std_error_p95: 0.0215 | latent_gaussian_score: 0.1474 | latent_mu_mean: 0.0042 | latent_mu_std: 0.2976 | latent_std_mean: 0.9351 | latent_std_std: 0.1708 | latent_true_kl: 0.0993 | latent_z_mean: 0.0042 | latent_z_std: 0.9964 | occupancy_loss: 0.0100 | raydrop_loss: 0.0304 | sdf_loss: 0.0001
[Step 53500/200000] [Epoch 2] lr=8.36e-04 | depth_loss: 0.0626 | eikonal_loss: 0.0024 | free_space_loss: 0.0000 | intensity_loss: 0.1002 | kl_loss: 0.0100 | kl_loss_raw: 0.0995 | kl_weight: 0.1000 | kl_weight_scale: 1.0000 | latent_channel_mean_abs_p95: 0.0266 | latent_channel_std_error_p95: 0.0213 | latent_gaussian_score: 0.1474 | latent_mu_mean: 0.0049 | latent_mu_std: 0.2978 | latent_std_mean: 0.9348 | latent_std_std: 0.1714 | latent_true_kl: 0.0995 | latent_z_mean: 0.0049 | latent_z_std: 0.9962 | occupancy_loss: 0.0104 | raydrop_loss: 0.0304 | sdf_loss: 0.0001
[Step 54000/200000] [Epoch 2] lr=8.33e-04 | depth_loss: 0.0625 | eikonal_loss: 0.0025 | free_space_loss: 0.0000 | intensity_loss: 0.1139 | kl_loss: 0.0099 | kl_loss_raw: 0.0992 | kl_weight: 0.1000 | kl_weight_scale: 1.0000 | latent_channel_mean_abs_p95: 0.0267 | latent_channel_std_error_p95: 0.0213 | latent_gaussian_score: 0.1473 | latent_mu_mean: 0.0045 | latent_mu_std: 0.2972 | latent_std_mean: 0.9356 | latent_std_std: 0.1709 | latent_true_kl: 0.0992 | latent_z_mean: 0.0045 | latent_z_std: 0.9969 | occupancy_loss: 0.0101 | raydrop_loss: 0.0303 | sdf_loss: 0.0001
[Step 54500/200000] [Epoch 2] lr=8.30e-04 | depth_loss: 0.0613 | eikonal_loss: 0.0024 | free_space_loss: 0.0000 | intensity_loss: 0.1095 | kl_loss: 0.0099 | kl_loss_raw: 0.0989 | kl_weight: 0.1000 | kl_weight_scale: 1.0000 | latent_channel_mean_abs_p95: 0.0267 | latent_channel_std_error_p95: 0.0206 | latent_gaussian_score: 0.1462 | latent_mu_mean: 0.0049 | latent_mu_std: 0.2969 | latent_std_mean: 0.9360 | latent_std_std: 0.1707 | latent_true_kl: 0.0989 | latent_z_mean: 0.0049 | latent_z_std: 0.9970 | occupancy_loss: 0.0100 | raydrop_loss: 0.0299 | sdf_loss: 0.0001
[Step 55000/200000] [Epoch 2] lr=8.27e-04 | depth_loss: 0.0600 | eikonal_loss: 0.0024 | free_space_loss: 0.0000 | intensity_loss: 0.1025 | kl_loss: 0.0099 | kl_loss_raw: 0.0989 | kl_weight: 0.1000 | kl_weight_scale: 1.0000 | latent_channel_mean_abs_p95: 0.0265 | latent_channel_std_error_p95: 0.0213 | latent_gaussian_score: 0.1466 | latent_mu_mean: 0.0042 | latent_mu_std: 0.2974 | latent_std_mean: 0.9349 | latent_std_std: 0.1704 | latent_true_kl: 0.0989 | latent_z_mean: 0.0042 | latent_z_std: 0.9961 | occupancy_loss: 0.0100 | raydrop_loss: 0.0295 | sdf_loss: 0.0001
[Step 55500/200000] [Epoch 2] lr=8.24e-04 | depth_loss: 0.0612 | eikonal_loss: 0.0024 | free_space_loss: 0.0000 | intensity_loss: 0.1106 | kl_loss: 0.0098 | kl_loss_raw: 0.0985 | kl_weight: 0.1000 | kl_weight_scale: 1.0000 | latent_channel_mean_abs_p95: 0.0253 | latent_channel_std_error_p95: 0.0211 | latent_gaussian_score: 0.1449 | latent_mu_mean: 0.0036 | latent_mu_std: 0.2962 | latent_std_mean: 0.9360 | latent_std_std: 0.1704 | latent_true_kl: 0.0985 | latent_z_mean: 0.0037 | latent_z_std: 0.9968 | occupancy_loss: 0.0100 | raydrop_loss: 0.0299 | sdf_loss: 0.0001
[Step 56000/200000] [Epoch 2] lr=8.21e-04 | depth_loss: 0.0604 | eikonal_loss: 0.0024 | free_space_loss: 0.0000 | intensity_loss: 0.1044 | kl_loss: 0.0098 | kl_loss_raw: 0.0976 | kl_weight: 0.1000 | kl_weight_scale: 1.0000 | latent_channel_mean_abs_p95: 0.0267 | latent_channel_std_error_p95: 0.0203 | latent_gaussian_score: 0.1446 | latent_mu_mean: 0.0047 | latent_mu_std: 0.2948 | latent_std_mean: 0.9369 | latent_std_std: 0.1698 | latent_true_kl: 0.0976 | latent_z_mean: 0.0047 | latent_z_std: 0.9971 | occupancy_loss: 0.0098 | raydrop_loss: 0.0299 | sdf_loss: 0.0001
[Step 56500/200000] [Epoch 2] lr=8.18e-04 | depth_loss: 0.0612 | eikonal_loss: 0.0024 | free_space_loss: 0.0000 | intensity_loss: 0.1081 | kl_loss: 0.0099 | kl_loss_raw: 0.0993 | kl_weight: 0.1000 | kl_weight_scale: 1.0000 | latent_channel_mean_abs_p95: 0.0265 | latent_channel_std_error_p95: 0.0219 | latent_gaussian_score: 0.1476 | latent_mu_mean: 0.0043 | latent_mu_std: 0.2981 | latent_std_mean: 0.9348 | latent_std_std: 0.1706 | latent_true_kl: 0.0993 | latent_z_mean: 0.0043 | latent_z_std: 0.9963 | occupancy_loss: 0.0100 | raydrop_loss: 0.0299 | sdf_loss: 0.0001
[Step 57000/200000] [Epoch 2] lr=8.15e-04 | depth_loss: 0.0608 | eikonal_loss: 0.0024 | free_space_loss: 0.0000 | intensity_loss: 0.1167 | kl_loss: 0.0097 | kl_loss_raw: 0.0975 | kl_weight: 0.1000 | kl_weight_scale: 1.0000 | latent_channel_mean_abs_p95: 0.0261 | latent_channel_std_error_p95: 0.0211 | latent_gaussian_score: 0.1447 | latent_mu_mean: 0.0042 | latent_mu_std: 0.2945 | latent_std_mean: 0.9371 | latent_std_std: 0.1694 | latent_true_kl: 0.0975 | latent_z_mean: 0.0042 | latent_z_std: 0.9971 | occupancy_loss: 0.0098 | raydrop_loss: 0.0299 | sdf_loss: 0.0001
[Step 57500/200000] [Epoch 2] lr=8.12e-04 | depth_loss: 0.0615 | eikonal_loss: 0.0024 | free_space_loss: 0.0000 | intensity_loss: 0.1090 | kl_loss: 0.0098 | kl_loss_raw: 0.0980 | kl_weight: 0.1000 | kl_weight_scale: 1.0000 | latent_channel_mean_abs_p95: 0.0259 | latent_channel_std_error_p95: 0.0209 | latent_gaussian_score: 0.1448 | latent_mu_mean: 0.0042 | latent_mu_std: 0.2954 | latent_std_mean: 0.9362 | latent_std_std: 0.1699 | latent_true_kl: 0.0980 | latent_z_mean: 0.0042 | latent_z_std: 0.9966 | occupancy_loss: 0.0099 | raydrop_loss: 0.0301 | sdf_loss: 0.0001
[Step 58000/200000] [Epoch 2] lr=8.09e-04 | depth_loss: 0.0593 | eikonal_loss: 0.0023 | free_space_loss: 0.0000 | intensity_loss: 0.1105 | kl_loss: 0.0003 | kl_loss_raw: 0.2632 | kl_weight: 0.0011 | kl_weight_scale: 0.0105 | latent_channel_mean_abs_p95: 0.0500 | latent_channel_std_error_p95: 0.1178 | latent_gaussian_score: 0.4310 | latent_mu_mean: 0.0098 | latent_mu_std: 0.3246 | latent_std_mean: 0.8300 | latent_std_std: 0.2679 | latent_true_kl: 0.2632 | latent_z_mean: 0.0099 | latent_z_std: 0.9315 | occupancy_loss: 0.0091 | raydrop_loss: 0.0299 | sdf_loss: 0.0001
[Step 58500/200000] [Epoch 2] lr=8.06e-04 | depth_loss: 0.0586 | eikonal_loss: 0.0023 | free_space_loss: 0.0000 | intensity_loss: 0.1078 | kl_loss: 0.0009 | kl_loss_raw: 0.2938 | kl_weight: 0.0032 | kl_weight_scale: 0.0316 | latent_channel_mean_abs_p95: 0.0567 | latent_channel_std_error_p95: 0.1418 | latent_gaussian_score: 0.4923 | latent_mu_mean: 0.0129 | latent_mu_std: 0.3243 | latent_std_mean: 0.7985 | latent_std_std: 0.2718 | latent_true_kl: 0.2938 | latent_z_mean: 0.0130 | latent_z_std: 0.9042 | occupancy_loss: 0.0088 | raydrop_loss: 0.0293 | sdf_loss: 0.0001
[Step 59000/200000] [Epoch 2] lr=8.02e-04 | depth_loss: 0.0596 | eikonal_loss: 0.0023 | free_space_loss: 0.0000 | intensity_loss: 0.1058 | kl_loss: 0.0014 | kl_loss_raw: 0.2665 | kl_weight: 0.0053 | kl_weight_scale: 0.0526 | latent_channel_mean_abs_p95: 0.0580 | latent_channel_std_error_p95: 0.1200 | latent_gaussian_score: 0.4444 | latent_mu_mean: 0.0143 | latent_mu_std: 0.3254 | latent_std_mean: 0.8208 | latent_std_std: 0.2655 | latent_true_kl: 0.2665 | latent_z_mean: 0.0142 | latent_z_std: 0.9225 | occupancy_loss: 0.0088 | raydrop_loss: 0.0292 | sdf_loss: 0.0001
[Step 59500/200000] [Epoch 2] lr=7.99e-04 | depth_loss: 0.0584 | eikonal_loss: 0.0023 | free_space_loss: 0.0000 | intensity_loss: 0.1153 | kl_loss: 0.0018 | kl_loss_raw: 0.2437 | kl_weight: 0.0074 | kl_weight_scale: 0.0737 | latent_channel_mean_abs_p95: 0.0578 | latent_channel_std_error_p95: 0.0930 | latent_gaussian_score: 0.3944 | latent_mu_mean: 0.0153 | latent_mu_std: 0.3322 | latent_std_mean: 0.8434 | latent_std_std: 0.2612 | latent_true_kl: 0.2437 | latent_z_mean: 0.0152 | latent_z_std: 0.9438 | occupancy_loss: 0.0088 | raydrop_loss: 0.0293 | sdf_loss: 0.0001
[Step 60000/200000] [Epoch 2] lr=7.96e-04 | depth_loss: 0.0576 | eikonal_loss: 0.0023 | free_space_loss: 0.0000 | intensity_loss: 0.1099 | kl_loss: 0.0021 | kl_loss_raw: 0.2234 | kl_weight: 0.0095 | kl_weight_scale: 0.0947 | latent_channel_mean_abs_p95: 0.0596 | latent_channel_std_error_p95: 0.0767 | latent_gaussian_score: 0.3596 | latent_mu_mean: 0.0159 | latent_mu_std: 0.3346 | latent_std_mean: 0.8599 | latent_std_std: 0.2542 | latent_true_kl: 0.2234 | latent_z_mean: 0.0159 | latent_z_std: 0.9576 | occupancy_loss: 0.0086 | raydrop_loss: 0.0290 | sdf_loss: 0.0001
  Saved: checkpoints/ai_workloads_rec/lidar_only/step_060000.pth

  Validating (10 samples)...

  Running test-set validation...

  === Test Results (step 60000, 3004 batches) ===
  depth_loss: 0.0618 | intensity_loss: 0.0906 | kl_loss: 0.0027 | kl_weight: 0.0105 | kl_weight_scale: 0.1052 | latent_channel_mean_abs_p95: 0.4149 | latent_channel_std_error_p95: 0.1377 | latent_gaussian_score: 0.8115 | latent_true_kl: 0.2589 | latent_z_mean: -0.0342 | latent_z_std: 0.9268 | occupancy_loss: 0.0092 | raydrop_loss: 0.0299 | point_metric_samples: 6008 | point_metric_valid_samples: 6008 | chamfer_symmetric_mean: 2.842385 | chamfer_symmetric_sqrt_m_mean: 1.630791 | jsd: 0.11589024 | mmd: 1.33238855e-04
  Renders saved: checkpoints/ai_workloads_rec/lidar_only/val_renders

[Step 60500/200000] [Epoch 2] lr=7.93e-04 | depth_loss: 0.0575 | eikonal_loss: 0.0023 | free_space_loss: 0.0000 | intensity_loss: 0.1073 | kl_loss: 0.0024 | kl_loss_raw: 0.2105 | kl_weight: 0.0116 | kl_weight_scale: 0.1158 | latent_channel_mean_abs_p95: 0.0557 | latent_channel_std_error_p95: 0.0639 | latent_gaussian_score: 0.3301 | latent_mu_mean: 0.0161 | latent_mu_std: 0.3352 | latent_std_mean: 0.8695 | latent_std_std: 0.2486 | latent_true_kl: 0.2105 | latent_z_mean: 0.0160 | latent_z_std: 0.9649 | occupancy_loss: 0.0087 | raydrop_loss: 0.0291 | sdf_loss: 0.0001
[Step 61000/200000] [Epoch 2] lr=7.90e-04 | depth_loss: 0.0578 | eikonal_loss: 0.0023 | free_space_loss: 0.0000 | intensity_loss: 0.1092 | kl_loss: 0.0027 | kl_loss_raw: 0.2010 | kl_weight: 0.0137 | kl_weight_scale: 0.1368 | latent_channel_mean_abs_p95: 0.0551 | latent_channel_std_error_p95: 0.0532 | latent_gaussian_score: 0.3093 | latent_mu_mean: 0.0158 | latent_mu_std: 0.3375 | latent_std_mean: 0.8767 | latent_std_std: 0.2436 | latent_true_kl: 0.2010 | latent_z_mean: 0.0158 | latent_z_std: 0.9710 | occupancy_loss: 0.0087 | raydrop_loss: 0.0289 | sdf_loss: 0.0001
[Step 61500/200000] [Epoch 2] lr=7.87e-04 | depth_loss: 0.0588 | eikonal_loss: 0.0023 | free_space_loss: 0.0000 | intensity_loss: 0.1114 | kl_loss: 0.0030 | kl_loss_raw: 0.1931 | kl_weight: 0.0158 | kl_weight_scale: 0.1579 | latent_channel_mean_abs_p95: 0.0483 | latent_channel_std_error_p95: 0.0443 | latent_gaussian_score: 0.2857 | latent_mu_mean: 0.0140 | latent_mu_std: 0.3397 | latent_std_mean: 0.8839 | latent_std_std: 0.2391 | latent_true_kl: 0.1931 | latent_z_mean: 0.0141 | latent_z_std: 0.9771 | occupancy_loss: 0.0087 | raydrop_loss: 0.0292 | sdf_loss: 0.0001
[Step 62000/200000] [Epoch 2] lr=7.83e-04 | depth_loss: 0.0595 | eikonal_loss: 0.0023 | free_space_loss: 0.0000 | intensity_loss: 0.1029 | kl_loss: 0.0033 | kl_loss_raw: 0.1865 | kl_weight: 0.0179 | kl_weight_scale: 0.1789 | latent_channel_mean_abs_p95: 0.0471 | latent_channel_std_error_p95: 0.0421 | latent_gaussian_score: 0.2756 | latent_mu_mean: 0.0131 | latent_mu_std: 0.3402 | latent_std_mean: 0.8859 | latent_std_std: 0.2350 | latent_true_kl: 0.1865 | latent_z_mean: 0.0131 | latent_z_std: 0.9781 | occupancy_loss: 0.0089 | raydrop_loss: 0.0288 | sdf_loss: 0.0001
[Step 62500/200000] [Epoch 2] lr=7.80e-04 | depth_loss: 0.0596 | eikonal_loss: 0.0023 | free_space_loss: 0.0000 | intensity_loss: 0.1095 | kl_loss: 0.0036 | kl_loss_raw: 0.1814 | kl_weight: 0.0200 | kl_weight_scale: 0.2000 | latent_channel_mean_abs_p95: 0.0449 | latent_channel_std_error_p95: 0.0403 | latent_gaussian_score: 0.2666 | latent_mu_mean: 0.0129 | latent_mu_std: 0.3395 | latent_std_mean: 0.8891 | latent_std_std: 0.2318 | latent_true_kl: 0.1814 | latent_z_mean: 0.0130 | latent_z_std: 0.9801 | occupancy_loss: 0.0090 | raydrop_loss: 0.0292 | sdf_loss: 0.0001
[Step 63000/200000] [Epoch 2] lr=7.77e-04 | depth_loss: 0.0583 | eikonal_loss: 0.0023 | free_space_loss: 0.0000 | intensity_loss: 0.1016 | kl_loss: 0.0038 | kl_loss_raw: 0.1742 | kl_weight: 0.0221 | kl_weight_scale: 0.2210 | latent_channel_mean_abs_p95: 0.0424 | latent_channel_std_error_p95: 0.0360 | latent_gaussian_score: 0.2526 | latent_mu_mean: 0.0120 | latent_mu_std: 0.3378 | latent_std_mean: 0.8943 | latent_std_std: 0.2278 | latent_true_kl: 0.1742 | latent_z_mean: 0.0119 | latent_z_std: 0.9832 | occupancy_loss: 0.0089 | raydrop_loss: 0.0286 | sdf_loss: 0.0001
[Step 63500/200000] [Epoch 2] lr=7.73e-04 | depth_loss: 0.0584 | eikonal_loss: 0.0023 | free_space_loss: 0.0000 | intensity_loss: 0.1103 | kl_loss: 0.0041 | kl_loss_raw: 0.1686 | kl_weight: 0.0242 | kl_weight_scale: 0.2421 | latent_channel_mean_abs_p95: 0.0420 | latent_channel_std_error_p95: 0.0343 | latent_gaussian_score: 0.2449 | latent_mu_mean: 0.0115 | latent_mu_std: 0.3359 | latent_std_mean: 0.8980 | latent_std_std: 0.2239 | latent_true_kl: 0.1686 | latent_z_mean: 0.0115 | latent_z_std: 0.9850 | occupancy_loss: 0.0088 | raydrop_loss: 0.0288 | sdf_loss: 0.0001
[Step 64000/200000] [Epoch 2] lr=7.70e-04 | depth_loss: 0.0594 | eikonal_loss: 0.0023 | free_space_loss: 0.0000 | intensity_loss: 0.1023 | kl_loss: 0.0044 | kl_loss_raw: 0.1668 | kl_weight: 0.0263 | kl_weight_scale: 0.2631 | latent_channel_mean_abs_p95: 0.0429 | latent_channel_std_error_p95: 0.0335 | latent_gaussian_score: 0.2433 | latent_mu_mean: 0.0122 | latent_mu_std: 0.3404 | latent_std_mean: 0.8976 | latent_std_std: 0.2218 | latent_true_kl: 0.1668 | latent_z_mean: 0.0122 | latent_z_std: 0.9857 | occupancy_loss: 0.0090 | raydrop_loss: 0.0287 | sdf_loss: 0.0001
[Step 64500/200000] [Epoch 2] lr=7.67e-04 | depth_loss: 0.0577 | eikonal_loss: 0.0023 | free_space_loss: 0.0000 | intensity_loss: 0.1047 | kl_loss: 0.0046 | kl_loss_raw: 0.1611 | kl_weight: 0.0284 | kl_weight_scale: 0.2842 | latent_channel_mean_abs_p95: 0.0396 | latent_channel_std_error_p95: 0.0308 | latent_gaussian_score: 0.2315 | latent_mu_mean: 0.0108 | latent_mu_std: 0.3357 | latent_std_mean: 0.9024 | latent_std_std: 0.2189 | latent_true_kl: 0.1611 | latent_z_mean: 0.0108 | latent_z_std: 0.9878 | occupancy_loss: 0.0089 | raydrop_loss: 0.0285 | sdf_loss: 0.0001
[Step 65000/200000] [Epoch 2] lr=7.64e-04 | depth_loss: 0.0591 | eikonal_loss: 0.0023 | free_space_loss: 0.0000 | intensity_loss: 0.1064 | kl_loss: 0.0048 | kl_loss_raw: 0.1571 | kl_weight: 0.0305 | kl_weight_scale: 0.3052 | latent_channel_mean_abs_p95: 0.0366 | latent_channel_std_error_p95: 0.0302 | latent_gaussian_score: 0.2239 | latent_mu_mean: 0.0097 | latent_mu_std: 0.3342 | latent_std_mean: 0.9046 | latent_std_std: 0.2161 | latent_true_kl: 0.1571 | latent_z_mean: 0.0097 | latent_z_std: 0.9888 | occupancy_loss: 0.0090 | raydrop_loss: 0.0286 | sdf_loss: 0.0001
[Step 65500/200000] [Epoch 2] lr=7.60e-04 | depth_loss: 0.0592 | eikonal_loss: 0.0023 | free_space_loss: 0.0000 | intensity_loss: 0.1124 | kl_loss: 0.0050 | kl_loss_raw: 0.1539 | kl_weight: 0.0326 | kl_weight_scale: 0.3263 | latent_channel_mean_abs_p95: 0.0374 | latent_channel_std_error_p95: 0.0291 | latent_gaussian_score: 0.2205 | latent_mu_mean: 0.0103 | latent_mu_std: 0.3339 | latent_std_mean: 0.9068 | latent_std_std: 0.2138 | latent_true_kl: 0.1539 | latent_z_mean: 0.0103 | latent_z_std: 0.9901 | occupancy_loss: 0.0090 | raydrop_loss: 0.0288 | sdf_loss: 0.0001
[Step 66000/200000] [Epoch 2] lr=7.57e-04 | depth_loss: 0.0585 | eikonal_loss: 0.0023 | free_space_loss: 0.0000 | intensity_loss: 0.1137 | kl_loss: 0.0052 | kl_loss_raw: 0.1503 | kl_weight: 0.0347 | kl_weight_scale: 0.3473 | latent_channel_mean_abs_p95: 0.0357 | latent_channel_std_error_p95: 0.0291 | latent_gaussian_score: 0.2151 | latent_mu_mean: 0.0085 | latent_mu_std: 0.3308 | latent_std_mean: 0.9083 | latent_std_std: 0.2114 | latent_true_kl: 0.1503 | latent_z_mean: 0.0086 | latent_z_std: 0.9901 | occupancy_loss: 0.0089 | raydrop_loss: 0.0287 | sdf_loss: 0.0001
[Step 66500/200000] [Epoch 2] lr=7.53e-04 | depth_loss: 0.0588 | eikonal_loss: 0.0023 | free_space_loss: 0.0000 | intensity_loss: 0.1114 | kl_loss: 0.0055 | kl_loss_raw: 0.1486 | kl_weight: 0.0368 | kl_weight_scale: 0.3684 | latent_channel_mean_abs_p95: 0.0354 | latent_channel_std_error_p95: 0.0282 | latent_gaussian_score: 0.2121 | latent_mu_mean: 0.0093 | latent_mu_std: 0.3319 | latent_std_mean: 0.9091 | latent_std_std: 0.2098 | latent_true_kl: 0.1486 | latent_z_mean: 0.0093 | latent_z_std: 0.9907 | occupancy_loss: 0.0090 | raydrop_loss: 0.0282 | sdf_loss: 0.0001
[Step 67000/200000] [Epoch 2] lr=7.50e-04 | depth_loss: 0.0589 | eikonal_loss: 0.0023 | free_space_loss: 0.0000 | intensity_loss: 0.1097 | kl_loss: 0.0056 | kl_loss_raw: 0.1448 | kl_weight: 0.0389 | kl_weight_scale: 0.3895 | latent_channel_mean_abs_p95: 0.0352 | latent_channel_std_error_p95: 0.0275 | latent_gaussian_score: 0.2074 | latent_mu_mean: 0.0086 | latent_mu_std: 0.3302 | latent_std_mean: 0.9109 | latent_std_std: 0.2069 | latent_true_kl: 0.1448 | latent_z_mean: 0.0087 | latent_z_std: 0.9912 | occupancy_loss: 0.0091 | raydrop_loss: 0.0282 | sdf_loss: 0.0001
[Step 67500/200000] [Epoch 2] lr=7.47e-04 | depth_loss: 0.0596 | eikonal_loss: 0.0023 | free_space_loss: 0.0000 | intensity_loss: 0.1041 | kl_loss: 0.0059 | kl_loss_raw: 0.1428 | kl_weight: 0.0411 | kl_weight_scale: 0.4105 | latent_channel_mean_abs_p95: 0.0341 | latent_channel_std_error_p95: 0.0266 | latent_gaussian_score: 0.2035 | latent_mu_mean: 0.0079 | latent_mu_std: 0.3299 | latent_std_mean: 0.9125 | latent_std_std: 0.2057 | latent_true_kl: 0.1428 | latent_z_mean: 0.0079 | latent_z_std: 0.9923 | occupancy_loss: 0.0091 | raydrop_loss: 0.0286 | sdf_loss: 0.0001
[Step 68000/200000] [Epoch 2] lr=7.43e-04 | depth_loss: 0.0583 | eikonal_loss: 0.0023 | free_space_loss: 0.0000 | intensity_loss: 0.1079 | kl_loss: 0.0060 | kl_loss_raw: 0.1387 | kl_weight: 0.0432 | kl_weight_scale: 0.4316 | latent_channel_mean_abs_p95: 0.0322 | latent_channel_std_error_p95: 0.0273 | latent_gaussian_score: 0.1983 | latent_mu_mean: 0.0078 | latent_mu_std: 0.3250 | latent_std_mean: 0.9148 | latent_std_std: 0.2032 | latent_true_kl: 0.1387 | latent_z_mean: 0.0079 | latent_z_std: 0.9923 | occupancy_loss: 0.0092 | raydrop_loss: 0.0283 | sdf_loss: 0.0001
[Step 68500/200000] [Epoch 2] lr=7.40e-04 | depth_loss: 0.0588 | eikonal_loss: 0.0023 | free_space_loss: 0.0000 | intensity_loss: 0.1056 | kl_loss: 0.0062 | kl_loss_raw: 0.1380 | kl_weight: 0.0453 | kl_weight_scale: 0.4526 | latent_channel_mean_abs_p95: 0.0319 | latent_channel_std_error_p95: 0.0259 | latent_gaussian_score: 0.1958 | latent_mu_mean: 0.0068 | latent_mu_std: 0.3277 | latent_std_mean: 0.9151 | latent_std_std: 0.2019 | latent_true_kl: 0.1380 | latent_z_mean: 0.0069 | latent_z_std: 0.9931 | occupancy_loss: 0.0091 | raydrop_loss: 0.0279 | sdf_loss: 0.0001
[Step 69000/200000] [Epoch 2] lr=7.36e-04 | depth_loss: 0.0576 | eikonal_loss: 0.0023 | free_space_loss: 0.0000 | intensity_loss: 0.1125 | kl_loss: 0.0063 | kl_loss_raw: 0.1340 | kl_weight: 0.0474 | kl_weight_scale: 0.4737 | latent_channel_mean_abs_p95: 0.0322 | latent_channel_std_error_p95: 0.0253 | latent_gaussian_score: 0.1915 | latent_mu_mean: 0.0075 | latent_mu_std: 0.3235 | latent_std_mean: 0.9179 | latent_std_std: 0.1994 | latent_true_kl: 0.1340 | latent_z_mean: 0.0074 | latent_z_std: 0.9938 | occupancy_loss: 0.0090 | raydrop_loss: 0.0280 | sdf_loss: 0.0001
[Step 69500/200000] [Epoch 2] lr=7.33e-04 | depth_loss: 0.0582 | eikonal_loss: 0.0023 | free_space_loss: 0.0000 | intensity_loss: 0.1065 | kl_loss: 0.0065 | kl_loss_raw: 0.1324 | kl_weight: 0.0495 | kl_weight_scale: 0.4947 | latent_channel_mean_abs_p95: 0.0310 | latent_channel_std_error_p95: 0.0254 | latent_gaussian_score: 0.1888 | latent_mu_mean: 0.0067 | latent_mu_std: 0.3233 | latent_std_mean: 0.9184 | latent_std_std: 0.1977 | latent_true_kl: 0.1324 | latent_z_mean: 0.0067 | latent_z_std: 0.9940 | occupancy_loss: 0.0092 | raydrop_loss: 0.0281 | sdf_loss: 0.0001
[Step 70000/200000] [Epoch 2] lr=7.29e-04 | depth_loss: 0.0585 | eikonal_loss: 0.0023 | free_space_loss: 0.0000 | intensity_loss: 0.1074 | kl_loss: 0.0067 | kl_loss_raw: 0.1295 | kl_weight: 0.0516 | kl_weight_scale: 0.5158 | latent_channel_mean_abs_p95: 0.0308 | latent_channel_std_error_p95: 0.0247 | latent_gaussian_score: 0.1850 | latent_mu_mean: 0.0065 | latent_mu_std: 0.3203 | latent_std_mean: 0.9201 | latent_std_std: 0.1961 | latent_true_kl: 0.1295 | latent_z_mean: 0.0064 | latent_z_std: 0.9942 | occupancy_loss: 0.0091 | raydrop_loss: 0.0280 | sdf_loss: 0.0001
  Saved: checkpoints/ai_workloads_rec/lidar_only/step_070000.pth

  Validating (10 samples)...

  Running test-set validation...

  === Test Results (step 70000, 3004 batches) ===
  depth_loss: 0.0606 | intensity_loss: 0.0896 | kl_loss: 0.0071 | kl_weight: 0.0526 | kl_weight_scale: 0.5263 | latent_channel_mean_abs_p95: 0.1305 | latent_channel_std_error_p95: 0.0588 | latent_gaussian_score: 0.3238 | latent_true_kl: 0.1346 | latent_z_mean: 0.0079 | latent_z_std: 0.9706 | occupancy_loss: 0.0097 | raydrop_loss: 0.0279 | point_metric_samples: 6008 | point_metric_valid_samples: 6008 | chamfer_symmetric_mean: 2.893845 | chamfer_symmetric_sqrt_m_mean: 1.638816 | jsd: 0.11929217 | mmd: 1.70603209e-04
  Renders saved: checkpoints/ai_workloads_rec/lidar_only/val_renders

[Step 70500/200000] [Epoch 2] lr=7.26e-04 | depth_loss: 0.0581 | eikonal_loss: 0.0023 | free_space_loss: 0.0000 | intensity_loss: 0.1087 | kl_loss: 0.0069 | kl_loss_raw: 0.1280 | kl_weight: 0.0537 | kl_weight_scale: 0.5368 | latent_channel_mean_abs_p95: 0.0304 | latent_channel_std_error_p95: 0.0249 | latent_gaussian_score: 0.1833 | latent_mu_mean: 0.0065 | latent_mu_std: 0.3197 | latent_std_mean: 0.9204 | latent_std_std: 0.1948 | latent_true_kl: 0.1280 | latent_z_mean: 0.0065 | latent_z_std: 0.9940 | occupancy_loss: 0.0091 | raydrop_loss: 0.0281 | sdf_loss: 0.0001
[Step 71000/200000] [Epoch 2] lr=7.22e-04 | depth_loss: 0.0579 | eikonal_loss: 0.0023 | free_space_loss: 0.0000 | intensity_loss: 0.1074 | kl_loss: 0.0071 | kl_loss_raw: 0.1278 | kl_weight: 0.0558 | kl_weight_scale: 0.5579 | latent_channel_mean_abs_p95: 0.0295 | latent_channel_std_error_p95: 0.0247 | latent_gaussian_score: 0.1820 | latent_mu_mean: 0.0061 | latent_mu_std: 0.3209 | latent_std_mean: 0.9209 | latent_std_std: 0.1941 | latent_true_kl: 0.1278 | latent_z_mean: 0.0061 | latent_z_std: 0.9948 | occupancy_loss: 0.0092 | raydrop_loss: 0.0280 | sdf_loss: 0.0001
[Step 71500/200000] [Epoch 2] lr=7.19e-04 | depth_loss: 0.0590 | eikonal_loss: 0.0023 | free_space_loss: 0.0000 | intensity_loss: 0.1180 | kl_loss: 0.0073 | kl_loss_raw: 0.1263 | kl_weight: 0.0579 | kl_weight_scale: 0.5789 | latent_channel_mean_abs_p95: 0.0291 | latent_channel_std_error_p95: 0.0239 | latent_gaussian_score: 0.1793 | latent_mu_mean: 0.0062 | latent_mu_std: 0.3198 | latent_std_mean: 0.9220 | latent_std_std: 0.1930 | latent_true_kl: 0.1263 | latent_z_mean: 0.0062 | latent_z_std: 0.9953 | occupancy_loss: 0.0094 | raydrop_loss: 0.0281 | sdf_loss: 0.0001
[Step 72000/200000] [Epoch 2] lr=7.15e-04 | depth_loss: 0.0595 | eikonal_loss: 0.0022 | free_space_loss: 0.0000 | intensity_loss: 0.1000 | kl_loss: 0.0075 | kl_loss_raw: 0.1248 | kl_weight: 0.0600 | kl_weight_scale: 0.6000 | latent_channel_mean_abs_p95: 0.0290 | latent_channel_std_error_p95: 0.0241 | latent_gaussian_score: 0.1779 | latent_mu_mean: 0.0059 | latent_mu_std: 0.3198 | latent_std_mean: 0.9214 | latent_std_std: 0.1917 | latent_true_kl: 0.1248 | latent_z_mean: 0.0058 | latent_z_std: 0.9943 | occupancy_loss: 0.0095 | raydrop_loss: 0.0279 | sdf_loss: 0.0001
[Step 72500/200000] [Epoch 2] lr=7.12e-04 | depth_loss: 0.0579 | eikonal_loss: 0.0023 | free_space_loss: 0.0000 | intensity_loss: 0.1016 | kl_loss: 0.0075 | kl_loss_raw: 0.1205 | kl_weight: 0.0621 | kl_weight_scale: 0.6210 | latent_channel_mean_abs_p95: 0.0286 | latent_channel_std_error_p95: 0.0234 | latent_gaussian_score: 0.1725 | latent_mu_mean: 0.0058 | latent_mu_std: 0.3145 | latent_std_mean: 0.9248 | latent_std_std: 0.1890 | latent_true_kl: 0.1205 | latent_z_mean: 0.0058 | latent_z_std: 0.9953 | occupancy_loss: 0.0091 | raydrop_loss: 0.0276 | sdf_loss: 0.0001
[Step 73000/200000] [Epoch 2] lr=7.08e-04 | depth_loss: 0.0592 | eikonal_loss: 0.0023 | free_space_loss: 0.0000 | intensity_loss: 0.1113 | kl_loss: 0.0077 | kl_loss_raw: 0.1206 | kl_weight: 0.0642 | kl_weight_scale: 0.6421 | latent_channel_mean_abs_p95: 0.0288 | latent_channel_std_error_p95: 0.0233 | latent_gaussian_score: 0.1728 | latent_mu_mean: 0.0058 | latent_mu_std: 0.3159 | latent_std_mean: 0.9250 | latent_std_std: 0.1886 | latent_true_kl: 0.1206 | latent_z_mean: 0.0058 | latent_z_std: 0.9958 | occupancy_loss: 0.0093 | raydrop_loss: 0.0279 | sdf_loss: 0.0001
[Step 73500/200000] [Epoch 2] lr=7.04e-04 | depth_loss: 0.0587 | eikonal_loss: 0.0023 | free_space_loss: 0.0000 | intensity_loss: 0.1054 | kl_loss: 0.0079 | kl_loss_raw: 0.1185 | kl_weight: 0.0663 | kl_weight_scale: 0.6631 | latent_channel_mean_abs_p95: 0.0276 | latent_channel_std_error_p95: 0.0232 | latent_gaussian_score: 0.1693 | latent_mu_mean: 0.0049 | latent_mu_std: 0.3144 | latent_std_mean: 0.9255 | latent_std_std: 0.1869 | latent_true_kl: 0.1185 | latent_z_mean: 0.0048 | latent_z_std: 0.9956 | occupancy_loss: 0.0092 | raydrop_loss: 0.0278 | sdf_loss: 0.0001
[Step 74000/200000] [Epoch 2] lr=7.01e-04 | depth_loss: 0.0584 | eikonal_loss: 0.0023 | free_space_loss: 0.0000 | intensity_loss: 0.1078 | kl_loss: 0.0080 | kl_loss_raw: 0.1171 | kl_weight: 0.0684 | kl_weight_scale: 0.6842 | latent_channel_mean_abs_p95: 0.0277 | latent_channel_std_error_p95: 0.0225 | latent_gaussian_score: 0.1673 | latent_mu_mean: 0.0051 | latent_mu_std: 0.3127 | latent_std_mean: 0.9270 | latent_std_std: 0.1859 | latent_true_kl: 0.1171 | latent_z_mean: 0.0051 | latent_z_std: 0.9962 | occupancy_loss: 0.0093 | raydrop_loss: 0.0278 | sdf_loss: 0.0001
[Step 74500/200000] [Epoch 2] lr=6.97e-04 | depth_loss: 0.0599 | eikonal_loss: 0.0023 | free_space_loss: 0.0000 | intensity_loss: 0.1057 | kl_loss: 0.0083 | kl_loss_raw: 0.1170 | kl_weight: 0.0705 | kl_weight_scale: 0.7052 | latent_channel_mean_abs_p95: 0.0272 | latent_channel_std_error_p95: 0.0226 | latent_gaussian_score: 0.1668 | latent_mu_mean: 0.0050 | latent_mu_std: 0.3137 | latent_std_mean: 0.9260 | latent_std_std: 0.1855 | latent_true_kl: 0.1170 | latent_z_mean: 0.0050 | latent_z_std: 0.9955 | occupancy_loss: 0.0095 | raydrop_loss: 0.0279 | sdf_loss: 0.0001
[Step 75000/200000] [Epoch 2] lr=6.94e-04 | depth_loss: 0.0587 | eikonal_loss: 0.0022 | free_space_loss: 0.0000 | intensity_loss: 0.1076 | kl_loss: 0.0084 | kl_loss_raw: 0.1152 | kl_weight: 0.0726 | kl_weight_scale: 0.7263 | latent_channel_mean_abs_p95: 0.0270 | latent_channel_std_error_p95: 0.0222 | latent_gaussian_score: 0.1643 | latent_mu_mean: 0.0046 | latent_mu_std: 0.3115 | latent_std_mean: 0.9274 | latent_std_std: 0.1844 | latent_true_kl: 0.1152 | latent_z_mean: 0.0046 | latent_z_std: 0.9958 | occupancy_loss: 0.0094 | raydrop_loss: 0.0278 | sdf_loss: 0.0001
[Step 75500/200000] [Epoch 2] lr=6.90e-04 | depth_loss: 0.0568 | eikonal_loss: 0.0022 | free_space_loss: 0.0000 | intensity_loss: 0.1077 | kl_loss: 0.0084 | kl_loss_raw: 0.1120 | kl_weight: 0.0747 | kl_weight_scale: 0.7473 | latent_channel_mean_abs_p95: 0.0274 | latent_channel_std_error_p95: 0.0222 | latent_gaussian_score: 0.1617 | latent_mu_mean: 0.0049 | latent_mu_std: 0.3079 | latent_std_mean: 0.9294 | latent_std_std: 0.1820 | latent_true_kl: 0.1120 | latent_z_mean: 0.0049 | latent_z_std: 0.9963 | occupancy_loss: 0.0093 | raydrop_loss: 0.0273 | sdf_loss: 0.0001
[Step 76000/200000] [Epoch 3] lr=6.86e-04 | depth_loss: 0.0585 | eikonal_loss: 0.0023 | free_space_loss: 0.0000 | intensity_loss: 0.1072 | kl_loss: 0.0086 | kl_loss_raw: 0.1126 | kl_weight: 0.0768 | kl_weight_scale: 0.7684 | latent_channel_mean_abs_p95: 0.0274 | latent_channel_std_error_p95: 0.0217 | latent_gaussian_score: 0.1616 | latent_mu_mean: 0.0047 | latent_mu_std: 0.3104 | latent_std_mean: 0.9290 | latent_std_std: 0.1817 | latent_true_kl: 0.1126 | latent_z_mean: 0.0048 | latent_z_std: 0.9966 | occupancy_loss: 0.0094 | raydrop_loss: 0.0279 | sdf_loss: 0.0001
[Step 76500/200000] [Epoch 3] lr=6.83e-04 | depth_loss: 0.0582 | eikonal_loss: 0.0023 | free_space_loss: 0.0000 | intensity_loss: 0.1062 | kl_loss: 0.0088 | kl_loss_raw: 0.1108 | kl_weight: 0.0789 | kl_weight_scale: 0.7895 | latent_channel_mean_abs_p95: 0.0266 | latent_channel_std_error_p95: 0.0219 | latent_gaussian_score: 0.1594 | latent_mu_mean: 0.0045 | latent_mu_std: 0.3075 | latent_std_mean: 0.9296 | latent_std_std: 0.1806 | latent_true_kl: 0.1108 | latent_z_mean: 0.0045 | latent_z_std: 0.9961 | occupancy_loss: 0.0095 | raydrop_loss: 0.0277 | sdf_loss: 0.0001
[Step 77000/200000] [Epoch 3] lr=6.79e-04 | depth_loss: 0.0576 | eikonal_loss: 0.0022 | free_space_loss: 0.0000 | intensity_loss: 0.1088 | kl_loss: 0.0089 | kl_loss_raw: 0.1104 | kl_weight: 0.0811 | kl_weight_scale: 0.8105 | latent_channel_mean_abs_p95: 0.0266 | latent_channel_std_error_p95: 0.0219 | latent_gaussian_score: 0.1589 | latent_mu_mean: 0.0045 | latent_mu_std: 0.3082 | latent_std_mean: 0.9303 | latent_std_std: 0.1801 | latent_true_kl: 0.1104 | latent_z_mean: 0.0045 | latent_z_std: 0.9968 | occupancy_loss: 0.0095 | raydrop_loss: 0.0273 | sdf_loss: 0.0001
[Step 77500/200000] [Epoch 3] lr=6.75e-04 | depth_loss: 0.0577 | eikonal_loss: 0.0022 | free_space_loss: 0.0000 | intensity_loss: 0.1066 | kl_loss: 0.0090 | kl_loss_raw: 0.1086 | kl_weight: 0.0832 | kl_weight_scale: 0.8316 | latent_channel_mean_abs_p95: 0.0255 | latent_channel_std_error_p95: 0.0215 | latent_gaussian_score: 0.1556 | latent_mu_mean: 0.0042 | latent_mu_std: 0.3062 | latent_std_mean: 0.9315 | latent_std_std: 0.1786 | latent_true_kl: 0.1086 | latent_z_mean: 0.0042 | latent_z_std: 0.9970 | occupancy_loss: 0.0095 | raydrop_loss: 0.0273 | sdf_loss: 0.0001
[Step 78000/200000] [Epoch 3] lr=6.72e-04 | depth_loss: 0.0588 | eikonal_loss: 0.0023 | free_space_loss: 0.0000 | intensity_loss: 0.1084 | kl_loss: 0.0091 | kl_loss_raw: 0.1071 | kl_weight: 0.0853 | kl_weight_scale: 0.8526 | latent_channel_mean_abs_p95: 0.0253 | latent_channel_std_error_p95: 0.0210 | latent_gaussian_score: 0.1533 | latent_mu_mean: 0.0042 | latent_mu_std: 0.3045 | latent_std_mean: 0.9320 | latent_std_std: 0.1774 | latent_true_kl: 0.1071 | latent_z_mean: 0.0041 | latent_z_std: 0.9967 | occupancy_loss: 0.0094 | raydrop_loss: 0.0276 | sdf_loss: 0.0001
[Step 78500/200000] [Epoch 3] lr=6.68e-04 | depth_loss: 0.0575 | eikonal_loss: 0.0022 | free_space_loss: 0.0000 | intensity_loss: 0.1117 | kl_loss: 0.0092 | kl_loss_raw: 0.1054 | kl_weight: 0.0874 | kl_weight_scale: 0.8737 | latent_channel_mean_abs_p95: 0.0248 | latent_channel_std_error_p95: 0.0205 | latent_gaussian_score: 0.1506 | latent_mu_mean: 0.0036 | latent_mu_std: 0.3025 | latent_std_mean: 0.9335 | latent_std_std: 0.1763 | latent_true_kl: 0.1054 | latent_z_mean: 0.0037 | latent_z_std: 0.9974 | occupancy_loss: 0.0093 | raydrop_loss: 0.0274 | sdf_loss: 0.0001
[Step 79000/200000] [Epoch 3] lr=6.64e-04 | depth_loss: 0.0582 | eikonal_loss: 0.0022 | free_space_loss: 0.0000 | intensity_loss: 0.1048 | kl_loss: 0.0095 | kl_loss_raw: 0.1067 | kl_weight: 0.0895 | kl_weight_scale: 0.8947 | latent_channel_mean_abs_p95: 0.0251 | latent_channel_std_error_p95: 0.0213 | latent_gaussian_score: 0.1531 | latent_mu_mean: 0.0036 | latent_mu_std: 0.3056 | latent_std_mean: 0.9321 | latent_std_std: 0.1767 | latent_true_kl: 0.1067 | latent_z_mean: 0.0036 | latent_z_std: 0.9970 | occupancy_loss: 0.0096 | raydrop_loss: 0.0274 | sdf_loss: 0.0001
[Step 79500/200000] [Epoch 3] lr=6.60e-04 | depth_loss: 0.0572 | eikonal_loss: 0.0022 | free_space_loss: 0.0000 | intensity_loss: 0.1044 | kl_loss: 0.0096 | kl_loss_raw: 0.1044 | kl_weight: 0.0916 | kl_weight_scale: 0.9158 | latent_channel_mean_abs_p95: 0.0253 | latent_channel_std_error_p95: 0.0205 | latent_gaussian_score: 0.1502 | latent_mu_mean: 0.0041 | latent_mu_std: 0.3029 | latent_std_mean: 0.9331 | latent_std_std: 0.1750 | latent_true_kl: 0.1044 | latent_z_mean: 0.0042 | latent_z_std: 0.9969 | occupancy_loss: 0.0096 | raydrop_loss: 0.0271 | sdf_loss: 0.0001
[Step 80000/200000] [Epoch 3] lr=6.57e-04 | depth_loss: 0.0576 | eikonal_loss: 0.0022 | free_space_loss: 0.0000 | intensity_loss: 0.1073 | kl_loss: 0.0096 | kl_loss_raw: 0.1030 | kl_weight: 0.0937 | kl_weight_scale: 0.9368 | latent_channel_mean_abs_p95: 0.0251 | latent_channel_std_error_p95: 0.0205 | latent_gaussian_score: 0.1486 | latent_mu_mean: 0.0039 | latent_mu_std: 0.3012 | latent_std_mean: 0.9341 | latent_std_std: 0.1737 | latent_true_kl: 0.1030 | latent_z_mean: 0.0039 | latent_z_std: 0.9970 | occupancy_loss: 0.0096 | raydrop_loss: 0.0274 | sdf_loss: 0.0001
  Saved: checkpoints/ai_workloads_rec/lidar_only/step_080000.pth

  Validating (10 samples)...

  Running test-set validation...

  === Test Results (step 80000, 3004 batches) ===
  depth_loss: 0.0615 | intensity_loss: 0.0897 | kl_loss: 0.0108 | kl_weight: 0.0947 | kl_weight_scale: 0.9473 | latent_channel_mean_abs_p95: 0.2462 | latent_channel_std_error_p95: 0.0639 | latent_gaussian_score: 0.4243 | latent_true_kl: 0.1142 | latent_z_mean: 0.0226 | latent_z_std: 1.0263 | occupancy_loss: 0.0101 | raydrop_loss: 0.0278 | point_metric_samples: 6008 | point_metric_valid_samples: 6008 | chamfer_symmetric_mean: 3.006666 | chamfer_symmetric_sqrt_m_mean: 1.675572 | jsd: 0.12198742 | mmd: 2.24676057e-04
  Renders saved: checkpoints/ai_workloads_rec/lidar_only/val_renders

[Step 80500/200000] [Epoch 3] lr=6.53e-04 | depth_loss: 0.0595 | eikonal_loss: 0.0022 | free_space_loss: 0.0000 | intensity_loss: 0.1061 | kl_loss: 0.0099 | kl_loss_raw: 0.1029 | kl_weight: 0.0958 | kl_weight_scale: 0.9579 | latent_channel_mean_abs_p95: 0.0256 | latent_channel_std_error_p95: 0.0212 | latent_gaussian_score: 0.1498 | latent_mu_mean: 0.0039 | latent_mu_std: 0.3018 | latent_std_mean: 0.9338 | latent_std_std: 0.1734 | latent_true_kl: 0.1029 | latent_z_mean: 0.0039 | latent_z_std: 0.9970 | occupancy_loss: 0.0096 | raydrop_loss: 0.0278 | sdf_loss: 0.0001
[Step 81000/200000] [Epoch 3] lr=6.49e-04 | depth_loss: 0.0574 | eikonal_loss: 0.0022 | free_space_loss: 0.0000 | intensity_loss: 0.1133 | kl_loss: 0.0098 | kl_loss_raw: 0.1002 | kl_weight: 0.0979 | kl_weight_scale: 0.9789 | latent_channel_mean_abs_p95: 0.0249 | latent_channel_std_error_p95: 0.0208 | latent_gaussian_score: 0.1459 | latent_mu_mean: 0.0036 | latent_mu_std: 0.2977 | latent_std_mean: 0.9360 | latent_std_std: 0.1714 | latent_true_kl: 0.1002 | latent_z_mean: 0.0035 | latent_z_std: 0.9974 | occupancy_loss: 0.0094 | raydrop_loss: 0.0273 | sdf_loss: 0.0001
[Step 81500/200000] [Epoch 3] lr=6.45e-04 | depth_loss: 0.0581 | eikonal_loss: 0.0022 | free_space_loss: 0.0000 | intensity_loss: 0.1094 | kl_loss: 0.0100 | kl_loss_raw: 0.1002 | kl_weight: 0.0997 | kl_weight_scale: 0.9974 | latent_channel_mean_abs_p95: 0.0244 | latent_channel_std_error_p95: 0.0206 | latent_gaussian_score: 0.1453 | latent_mu_mean: 0.0037 | latent_mu_std: 0.2991 | latent_std_mean: 0.9355 | latent_std_std: 0.1712 | latent_true_kl: 0.1002 | latent_z_mean: 0.0037 | latent_z_std: 0.9973 | occupancy_loss: 0.0096 | raydrop_loss: 0.0274 | sdf_loss: 0.0001
[Step 82000/200000] [Epoch 3] lr=6.42e-04 | depth_loss: 0.0579 | eikonal_loss: 0.0022 | free_space_loss: 0.0000 | intensity_loss: 0.1040 | kl_loss: 0.0100 | kl_loss_raw: 0.0998 | kl_weight: 0.1000 | kl_weight_scale: 1.0000 | latent_channel_mean_abs_p95: 0.0240 | latent_channel_std_error_p95: 0.0205 | latent_gaussian_score: 0.1442 | latent_mu_mean: 0.0033 | latent_mu_std: 0.2980 | latent_std_mean: 0.9358 | latent_std_std: 0.1710 | latent_true_kl: 0.0998 | latent_z_mean: 0.0033 | latent_z_std: 0.9971 | occupancy_loss: 0.0096 | raydrop_loss: 0.0272 | sdf_loss: 0.0001
[Step 82500/200000] [Epoch 3] lr=6.38e-04 | depth_loss: 0.0585 | eikonal_loss: 0.0022 | free_space_loss: 0.0000 | intensity_loss: 0.1039 | kl_loss: 0.0100 | kl_loss_raw: 0.1004 | kl_weight: 0.1000 | kl_weight_scale: 1.0000 | latent_channel_mean_abs_p95: 0.0247 | latent_channel_std_error_p95: 0.0204 | latent_gaussian_score: 0.1455 | latent_mu_mean: 0.0034 | latent_mu_std: 0.2991 | latent_std_mean: 0.9355 | latent_std_std: 0.1715 | latent_true_kl: 0.1004 | latent_z_mean: 0.0034 | latent_z_std: 0.9974 | occupancy_loss: 0.0097 | raydrop_loss: 0.0273 | sdf_loss: 0.0001
[Step 83000/200000] [Epoch 3] lr=6.34e-04 | depth_loss: 0.0588 | eikonal_loss: 0.0022 | free_space_loss: 0.0000 | intensity_loss: 0.1049 | kl_loss: 0.0100 | kl_loss_raw: 0.1004 | kl_weight: 0.1000 | kl_weight_scale: 1.0000 | latent_channel_mean_abs_p95: 0.0241 | latent_channel_std_error_p95: 0.0205 | latent_gaussian_score: 0.1449 | latent_mu_mean: 0.0035 | latent_mu_std: 0.2996 | latent_std_mean: 0.9357 | latent_std_std: 0.1712 | latent_true_kl: 0.1004 | latent_z_mean: 0.0035 | latent_z_std: 0.9977 | occupancy_loss: 0.0096 | raydrop_loss: 0.0275 | sdf_loss: 0.0001
[Step 83500/200000] [Epoch 3] lr=6.30e-04 | depth_loss: 0.0577 | eikonal_loss: 0.0022 | free_space_loss: 0.0000 | intensity_loss: 0.1037 | kl_loss: 0.0100 | kl_loss_raw: 0.0998 | kl_weight: 0.1000 | kl_weight_scale: 1.0000 | latent_channel_mean_abs_p95: 0.0235 | latent_channel_std_error_p95: 0.0198 | latent_gaussian_score: 0.1431 | latent_mu_mean: 0.0033 | latent_mu_std: 0.2974 | latent_std_mean: 0.9360 | latent_std_std: 0.1714 | latent_true_kl: 0.0998 | latent_z_mean: 0.0032 | latent_z_std: 0.9972 | occupancy_loss: 0.0097 | raydrop_loss: 0.0271 | sdf_loss: 0.0001
[Step 84000/200000] [Epoch 3] lr=6.27e-04 | depth_loss: 0.0592 | eikonal_loss: 0.0022 | free_space_loss: 0.0000 | intensity_loss: 0.1082 | kl_loss: 0.0101 | kl_loss_raw: 0.1007 | kl_weight: 0.1000 | kl_weight_scale: 1.0000 | latent_channel_mean_abs_p95: 0.0246 | latent_channel_std_error_p95: 0.0206 | latent_gaussian_score: 0.1459 | latent_mu_mean: 0.0034 | latent_mu_std: 0.3005 | latent_std_mean: 0.9352 | latent_std_std: 0.1711 | latent_true_kl: 0.1007 | latent_z_mean: 0.0034 | latent_z_std: 0.9974 | occupancy_loss: 0.0097 | raydrop_loss: 0.0273 | sdf_loss: 0.0001
[Step 84500/200000] [Epoch 3] lr=6.23e-04 | depth_loss: 0.0570 | eikonal_loss: 0.0022 | free_space_loss: 0.0000 | intensity_loss: 0.1056 | kl_loss: 0.0099 | kl_loss_raw: 0.0995 | kl_weight: 0.1000 | kl_weight_scale: 1.0000 | latent_channel_mean_abs_p95: 0.0231 | latent_channel_std_error_p95: 0.0205 | latent_gaussian_score: 0.1431 | latent_mu_mean: 0.0033 | latent_mu_std: 0.2977 | latent_std_mean: 0.9361 | latent_std_std: 0.1707 | latent_true_kl: 0.0995 | latent_z_mean: 0.0033 | latent_z_std: 0.9974 | occupancy_loss: 0.0096 | raydrop_loss: 0.0271 | sdf_loss: 0.0001
